date,gm1
31.12.2013,181
01.01.2014,181
02.01.2014,"182,9"
03.01.2014,"183,3"
06.01.2014,"183,3"
07.01.2014,"182,5"
08.01.2014,"182,1"
09.01.2014,"183,2"
10.01.2014,"183,3"
13.01.2014,"183,1"
14.01.2014,"182,5"
15.01.2014,"182,5"
16.01.2014,"183,9"
17.01.2014,"184,2"
20.01.2014,"184,2"
21.01.2014,"184,3"
22.01.2014,"184,4"
23.01.2014,"184,5"
24.01.2014,"183,6"
27.01.2014,"180,7"
28.01.2014,"178,5"
29.01.2014,"177,8"
30.01.2014,"178,3"
31.01.2014,"178,2"
03.02.2014,"178,1"
04.02.2014,"177,3"
05.02.2014,"175,3"
06.02.2014,"175,1"
07.02.2014,176
10.02.2014,"177,4"
11.02.2014,"178,4"
12.02.2014,"178,9"
13.02.2014,"180,1"
14.02.2014,"180,6"
17.02.2014,"180,8"
18.02.2014,"181,3"
19.02.2014,"182,1"
20.02.2014,"181,7"
21.02.2014,"181,4"
24.02.2014,"181,6"
25.02.2014,"182,3"
26.02.2014,"182,6"
27.02.2014,"182,6"
28.02.2014,"182,6"
03.03.2014,"182,2"
04.03.2014,"181,3"
05.03.2014,"180,8"
06.03.2014,182
07.03.2014,"182,8"
10.03.2014,"182,3"
11.03.2014,"181,7"
12.03.2014,"180,7"
13.03.2014,"179,9"
14.03.2014,"178,4"
17.03.2014,"176,8"
18.03.2014,"177,1"
19.03.2014,"177,8"
20.03.2014,"178,7"
21.03.2014,179
24.03.2014,"178,5"
25.03.2014,"178,7"
26.03.2014,"178,1"
27.03.2014,"178,6"
28.03.2014,"179,3"
31.03.2014,"180,3"
01.04.2014,"181,4"
02.04.2014,"182,5"
03.04.2014,"183,5"
04.04.2014,"183,6"
07.04.2014,"183,5"
08.04.2014,"182,8"
09.04.2014,"181,4"
10.04.2014,"181,7"
11.04.2014,"181,2"
14.04.2014,"180,1"
15.04.2014,"179,5"
16.04.2014,"179,4"
17.04.2014,"179,2"
18.04.2014,"179,2"
21.04.2014,"179,2"
22.04.2014,"180,3"
23.04.2014,"180,6"
24.04.2014,"180,9"
25.04.2014,"180,9"
28.04.2014,"180,6"
29.04.2014,"179,5"
30.04.2014,"179,7"
01.05.2014,"179,7"
02.05.2014,"180,9"
05.05.2014,"180,8"
06.05.2014,"180,8"
07.05.2014,"180,1"
08.05.2014,"179,8"
09.05.2014,"179,8"
12.05.2014,"180,8"
13.05.2014,"181,7"
14.05.2014,"182,6"
15.05.2014,"182,7"
16.05.2014,"182,3"
19.05.2014,"181,4"
20.05.2014,"181,2"
21.05.2014,"181,1"
22.05.2014,"181,5"
23.05.2014,182
26.05.2014,"183,1"
27.05.2014,"183,7"
28.05.2014,"184,5"
29.05.2014,"184,5"
30.05.2014,185
02.06.2014,"185,4"
03.06.2014,"185,7"
04.06.2014,"185,9"
05.06.2014,"185,9"
06.06.2014,"186,2"
09.06.2014,"186,2"
10.06.2014,"187,3"
11.06.2014,188
12.06.2014,"188,4"
13.06.2014,"187,9"
16.06.2014,"187,8"
17.06.2014,"187,6"
18.06.2014,"187,1"
19.06.2014,"187,1"
20.06.2014,"188,2"
23.06.2014,"188,6"
24.06.2014,"188,2"
25.06.2014,"187,5"
26.06.2014,"187,4"
27.06.2014,"186,9"
30.06.2014,"186,8"
01.07.2014,"186,7"
02.07.2014,"187,3"
03.07.2014,"188,1"
04.07.2014,"188,8"
07.07.2014,"189,7"
08.07.2014,"189,5"
09.07.2014,"188,3"
10.07.2014,"187,3"
11.07.2014,"186,6"
14.07.2014,"185,9"
15.07.2014,186
16.07.2014,"186,8"
17.07.2014,187
18.07.2014,"187,3"
21.07.2014,"187,1"
22.07.2014,"186,9"
23.07.2014,"186,7"
24.07.2014,"187,7"
25.07.2014,"187,8"
28.07.2014,"188,4"
29.07.2014,"188,1"
30.07.2014,"187,9"
31.07.2014,"188,3"
01.08.2014,"187,4"
04.08.2014,"186,3"
05.08.2014,"185,4"
06.08.2014,185
07.08.2014,"185,1"
08.08.2014,"184,2"
11.08.2014,"183,2"
12.08.2014,"183,4"
13.08.2014,"184,6"
14.08.2014,"184,9"
15.08.2014,"184,9"
18.08.2014,"185,8"
19.08.2014,"185,7"
20.08.2014,"186,7"
21.08.2014,"187,6"
22.08.2014,"187,7"
25.08.2014,188
26.08.2014,"188,6"
27.08.2014,"189,2"
28.08.2014,"189,9"
29.08.2014,"189,8"
01.09.2014,"189,3"
02.09.2014,"189,7"
03.09.2014,"190,1"
04.09.2014,"189,9"
05.09.2014,"190,6"
08.09.2014,"192,4"
09.09.2014,"192,4"
10.09.2014,"192,2"
11.09.2014,"191,7"
12.09.2014,"191,5"
15.09.2014,191
16.09.2014,"191,1"
17.09.2014,190
18.09.2014,"189,8"
19.09.2014,"190,6"
22.09.2014,"191,3"
23.09.2014,191
24.09.2014,"189,6"
25.09.2014,"189,6"
26.09.2014,"189,7"
29.09.2014,"189,2"
30.09.2014,"189,1"
01.10.2014,"188,9"
02.10.2014,"188,1"
03.10.2014,"185,6"
06.10.2014,"185,9"
07.10.2014,"185,5"
08.10.2014,"185,1"
09.10.2014,"183,7"
10.10.2014,"182,8"
13.10.2014,"182,3"
14.10.2014,"180,8"
15.10.2014,"180,1"
16.10.2014,180
17.10.2014,"177,4"
20.10.2014,"177,1"
21.10.2014,"179,3"
22.10.2014,"180,8"
23.10.2014,182
24.10.2014,"183,2"
27.10.2014,"184,4"
28.10.2014,"184,1"
29.10.2014,"184,2"
30.10.2014,"184,8"
31.10.2014,"186,2"
03.11.2014,"188,6"
04.11.2014,"190,1"
05.11.2014,"189,9"
06.11.2014,"189,6"
07.11.2014,"189,8"
10.11.2014,"190,6"
11.11.2014,"190,2"
12.11.2014,"191,3"
13.11.2014,"191,4"
14.11.2014,"191,2"
17.11.2014,"191,1"
18.11.2014,"190,8"
19.11.2014,"191,5"
20.11.2014,"191,9"
21.11.2014,"191,7"
24.11.2014,"193,2"
25.11.2014,"194,7"
26.11.2014,"195,2"
27.11.2014,"195,8"
28.11.2014,"195,4"
01.12.2014,"195,8"
02.12.2014,"194,8"
03.12.2014,195
04.12.2014,"196,1"
05.12.2014,"196,3"
08.12.2014,"196,3"
09.12.2014,"196,2"
10.12.2014,"195,6"
11.12.2014,"193,1"
12.12.2014,"191,9"
15.12.2014,"190,7"
16.12.2014,"188,9"
17.12.2014,"186,4"
18.12.2014,"186,6"
19.12.2014,"189,3"
22.12.2014,"191,7"
23.12.2014,"193,1"
24.12.2014,"193,1"
25.12.2014,"193,1"
26.12.2014,"193,1"
29.12.2014,"193,6"
30.12.2014,"194,9"
31.12.2014,"194,9"
01.01.2015,"194,9"
02.01.2015,194
05.01.2015,"194,1"
06.01.2015,"194,1"
07.01.2015,192
08.01.2015,192
09.01.2015,194
12.01.2015,"194,7"
13.01.2015,"194,3"
14.01.2015,"194,5"
15.01.2015,"194,4"
16.01.2015,"194,8"
19.01.2015,"196,7"
20.01.2015,"197,5"
21.01.2015,"198,1"
22.01.2015,"198,7"
23.01.2015,"199,6"
26.01.2015,"203,2"
27.01.2015,"204,6"
28.01.2015,"204,5"
29.01.2015,"203,1"
30.01.2015,"202,9"
02.02.2015,"202,1"
03.02.2015,"201,9"
04.02.2015,"202,5"
05.02.2015,"202,9"
06.02.2015,204
09.02.2015,204
10.02.2015,"204,3"
11.02.2015,"204,2"
12.02.2015,"204,5"
13.02.2015,"205,1"
16.02.2015,206
17.02.2015,"207,2"
18.02.2015,"207,6"
19.02.2015,"208,6"
20.02.2015,"209,3"
23.02.2015,"210,4"
24.02.2015,"210,5"
25.02.2015,"211,2"
26.02.2015,"211,7"
27.02.2015,"212,1"
02.03.2015,"213,4"
03.03.2015,"213,9"
04.03.2015,"214,3"
05.03.2015,"213,4"
06.03.2015,"214,2"
09.03.2015,"214,7"
10.03.2015,215
11.03.2015,"214,1"
12.03.2015,"214,1"
13.03.2015,216
16.03.2015,"216,6"
17.03.2015,"217,7"
18.03.2015,"217,8"
19.03.2015,"218,3"
20.03.2015,218
23.03.2015,"219,2"
24.03.2015,"219,2"
25.03.2015,"218,6"
26.03.2015,"218,4"
27.03.2015,"216,9"
30.03.2015,217
31.03.2015,"217,5"
01.04.2015,"218,4"
02.04.2015,"217,9"
03.04.2015,"217,9"
06.04.2015,"217,9"
07.04.2015,"219,3"
08.04.2015,"219,9"
09.04.2015,"221,1"
10.04.2015,"222,8"
13.04.2015,"225,2"
14.04.2015,"226,3"
15.04.2015,"226,4"
16.04.2015,"225,9"
17.04.2015,"225,3"
20.04.2015,"223,6"
21.04.2015,"223,4"
22.04.2015,"223,9"
23.04.2015,"224,5"
24.04.2015,"224,9"
27.04.2015,"224,4"
28.04.2015,"224,7"
29.04.2015,"224,1"
30.04.2015,"222,9"
01.05.2015,"222,9"
04.05.2015,"219,6"
05.05.2015,219
06.05.2015,"218,8"
07.05.2015,"217,2"
08.05.2015,"215,7"
11.05.2015,"217,4"
12.05.2015,219
13.05.2015,"219,1"
14.05.2015,"219,1"
15.05.2015,"218,7"
18.05.2015,"218,9"
19.05.2015,219
20.05.2015,"220,7"
21.05.2015,"222,5"
22.05.2015,"222,7"
25.05.2015,"222,7"
26.05.2015,"223,3"
27.05.2015,"223,9"
28.05.2015,"224,1"
29.05.2015,"223,7"
01.06.2015,"222,9"
02.06.2015,"222,1"
03.06.2015,"220,7"
04.06.2015,"220,7"
05.06.2015,"221,3"
08.06.2015,"218,5"
09.06.2015,"217,7"
10.06.2015,"215,5"
11.06.2015,"215,2"
12.06.2015,"216,8"
15.06.2015,"217,8"
16.06.2015,"216,9"
17.06.2015,"215,2"
18.06.2015,"214,8"
19.06.2015,"214,9"
22.06.2015,"215,1"
23.06.2015,"215,8"
24.06.2015,"217,7"
25.06.2015,"219,8"
26.06.2015,"219,1"
29.06.2015,"218,5"
30.06.2015,"216,4"
01.07.2015,"213,4"
02.07.2015,"214,5"
03.07.2015,"215,6"
06.07.2015,"214,7"
07.07.2015,"214,1"
08.07.2015,"212,7"
09.07.2015,"209,2"
10.07.2015,"208,9"
13.07.2015,"210,3"
14.07.2015,"214,3"
15.07.2015,"216,3"
16.07.2015,217
17.07.2015,"218,4"
20.07.2015,"219,9"
21.07.2015,220
22.07.2015,220
23.07.2015,"218,6"
24.07.2015,218
27.07.2015,217
28.07.2015,"215,1"
29.07.2015,"212,9"
30.07.2015,"213,9"
31.07.2015,"215,7"
03.08.2015,"215,6"
04.08.2015,"216,1"
05.08.2015,"216,5"
06.08.2015,"217,8"
07.08.2015,"217,8"
10.08.2015,"217,1"
11.08.2015,"217,1"
12.08.2015,"216,8"
13.08.2015,"213,9"
14.08.2015,"211,8"
17.08.2015,212
18.08.2015,"212,7"
19.08.2015,"212,6"
20.08.2015,"211,6"
21.08.2015,"208,7"
24.08.2015,"204,1"
25.08.2015,"197,3"
26.08.2015,"193,1"
27.08.2015,"196,3"
28.08.2015,"198,3"
31.08.2015,"201,8"
01.09.2015,"202,1"
02.09.2015,"199,5"
03.09.2015,"197,3"
04.09.2015,"198,2"
07.09.2015,"198,8"
08.09.2015,"197,2"
09.09.2015,"197,9"
10.09.2015,"199,9"
11.09.2015,200
14.09.2015,"198,9"
15.09.2015,"198,1"
16.09.2015,"198,6"
17.09.2015,"199,6"
18.09.2015,"200,4"
21.09.2015,"199,4"
22.09.2015,"198,5"
23.09.2015,"198,7"
24.09.2015,"195,8"
25.09.2015,195
28.09.2015,"194,6"
29.09.2015,"195,1"
30.09.2015,"192,2"
01.10.2015,"192,9"
02.10.2015,"195,3"
05.10.2015,"195,3"
06.10.2015,"197,4"
07.10.2015,"199,7"
08.10.2015,"200,6"
09.10.2015,"201,2"
12.10.2015,"201,4"
13.10.2015,"202,2"
14.10.2015,"201,9"
15.10.2015,"200,2"
16.10.2015,"200,6"
19.10.2015,"202,6"
20.10.2015,203
21.10.2015,"202,7"
22.10.2015,"202,9"
23.10.2015,"203,5"
26.10.2015,"203,5"
27.10.2015,"207,7"
28.10.2015,208
29.10.2015,"207,7"
30.10.2015,"208,8"
02.11.2015,"207,9"
03.11.2015,"208,3"
04.11.2015,"209,1"
05.11.2015,210
06.11.2015,"210,3"
09.11.2015,210
10.11.2015,"210,3"
11.11.2015,"209,6"
12.11.2015,"209,7"
13.11.2015,"209,1"
16.11.2015,"206,4"
17.11.2015,"206,4"
18.11.2015,"207,2"
19.11.2015,"209,6"
20.11.2015,"209,8"
23.11.2015,"211,4"
24.11.2015,"211,6"
25.11.2015,"211,6"
26.11.2015,"210,9"
27.11.2015,"211,9"
30.11.2015,"212,5"
01.12.2015,"211,7"
02.12.2015,"212,6"
03.12.2015,"212,3"
04.12.2015,"211,5"
07.12.2015,"208,2"
08.12.2015,"208,2"
09.12.2015,"207,6"
10.12.2015,"205,1"
11.12.2015,"204,4"
14.12.2015,203
15.12.2015,201
16.12.2015,"200,3"
17.12.2015,"203,6"
18.12.2015,204
21.12.2015,"203,9"
22.12.2015,"203,4"
23.12.2015,203
24.12.2015,203
25.12.2015,203
28.12.2015,"204,2"
29.12.2015,"204,4"
30.12.2015,205
31.12.2015,205
01.01.2016,205
04.01.2016,"205,6"
05.01.2016,204
06.01.2016,204
07.01.2016,201
08.01.2016,"198,5"
11.01.2016,"195,6"
12.01.2016,"194,1"
13.01.2016,"193,2"
14.01.2016,"193,3"
15.01.2016,"192,4"
18.01.2016,"189,9"
19.01.2016,"187,8"
20.01.2016,"187,6"
21.01.2016,"186,3"
22.01.2016,"184,1"
25.01.2016,"187,3"
26.01.2016,189
27.01.2016,"189,2"
28.01.2016,"189,8"
29.01.2016,"189,4"
01.02.2016,"190,7"
02.02.2016,"192,6"
03.02.2016,"191,2"
04.02.2016,"189,4"
05.02.2016,"187,6"
08.02.2016,187
09.02.2016,"186,1"
10.02.2016,"182,2"
11.02.2016,"180,5"
12.02.2016,"179,9"
15.02.2016,"179,2"
16.02.2016,"182,1"
17.02.2016,"184,4"
18.02.2016,"185,5"
19.02.2016,"188,2"
22.02.2016,"188,3"
23.02.2016,"189,3"
24.02.2016,"190,3"
25.02.2016,"189,3"
26.02.2016,"188,3"
29.02.2016,"189,4"
01.03.2016,"190,7"
02.03.2016,"192,3"
03.03.2016,"194,6"
04.03.2016,"195,9"
07.03.2016,"196,8"
08.03.2016,"197,4"
09.03.2016,196
10.03.2016,"195,4"
11.03.2016,"195,8"
14.03.2016,"194,9"
15.03.2016,"197,4"
16.03.2016,"197,5"
17.03.2016,"197,7"
18.03.2016,"196,8"
21.03.2016,"197,1"
22.03.2016,"198,3"
23.03.2016,"198,8"
24.03.2016,"198,4"
25.03.2016,"198,4"
28.03.2016,"198,4"
29.03.2016,"197,6"
30.03.2016,197
31.03.2016,"197,7"
01.04.2016,198
04.04.2016,197
05.04.2016,"196,6"
06.04.2016,"195,6"
07.04.2016,"194,6"
08.04.2016,195
11.04.2016,195
12.04.2016,196
13.04.2016,"196,9"
14.04.2016,"199,2"
15.04.2016,"201,4"
18.04.2016,"201,3"
19.04.2016,"201,1"
20.04.2016,"202,2"
21.04.2016,"203,2"
22.04.2016,"203,8"
25.04.2016,"204,2"
26.04.2016,"203,5"
27.04.2016,"202,8"
28.04.2016,203
29.04.2016,"202,6"
02.05.2016,"201,8"
03.05.2016,"200,9"
04.05.2016,"199,5"
05.05.2016,"199,5"
06.05.2016,"197,3"
09.05.2016,"197,8"
10.05.2016,"197,7"
11.05.2016,"198,1"
12.05.2016,199
13.05.2016,"198,8"
16.05.2016,"198,8"
17.05.2016,"198,5"
18.05.2016,"199,4"
19.05.2016,"199,7"
20.05.2016,"199,5"
23.05.2016,"198,9"
24.05.2016,"199,7"
25.05.2016,"200,1"
26.05.2016,"200,1"
27.05.2016,"203,1"
30.05.2016,"203,1"
31.05.2016,"203,6"
01.06.2016,"204,1"
02.06.2016,"203,5"
03.06.2016,"202,7"
06.06.2016,"203,6"
07.06.2016,"202,7"
08.06.2016,"203,5"
09.06.2016,"204,9"
10.06.2016,"204,6"
13.06.2016,"203,6"
14.06.2016,"200,8"
15.06.2016,"198,6"
16.06.2016,"197,6"
17.06.2016,"197,8"
20.06.2016,"196,8"
21.06.2016,"198,1"
22.06.2016,"200,6"
23.06.2016,"201,1"
24.06.2016,"201,6"
27.06.2016,"201,4"
28.06.2016,"196,4"
29.06.2016,"193,6"
30.06.2016,"196,1"
01.07.2016,"197,9"
04.07.2016,"199,8"
05.07.2016,"200,9"
06.07.2016,200
07.07.2016,"199,5"
08.07.2016,"198,7"
11.07.2016,"199,9"
12.07.2016,"202,5"
13.07.2016,"204,5"
14.07.2016,"205,9"
15.07.2016,"205,9"
18.07.2016,"206,5"
19.07.2016,"207,1"
20.07.2016,"207,2"
21.07.2016,"207,5"
22.07.2016,"207,9"
25.07.2016,"208,1"
26.07.2016,"208,2"
27.07.2016,"208,2"
28.07.2016,"208,9"
29.07.2016,209
01.08.2016,"208,9"
02.08.2016,209
03.08.2016,"208,1"
04.08.2016,"206,6"
05.08.2016,"207,6"
08.08.2016,"208,3"
09.08.2016,"210,2"
10.08.2016,"210,9"
11.08.2016,"211,4"
12.08.2016,"212,1"
15.08.2016,"212,1"
16.08.2016,213
17.08.2016,"211,6"
18.08.2016,"210,8"
19.08.2016,"209,8"
22.08.2016,"210,1"
23.08.2016,"209,6"
24.08.2016,"209,2"
25.08.2016,"209,8"
26.08.2016,"209,8"
29.08.2016,"209,1"
30.08.2016,"210,3"
31.08.2016,"210,2"
01.09.2016,"210,4"
02.09.2016,"210,2"
05.09.2016,"210,8"
06.09.2016,"212,3"
07.09.2016,"212,8"
08.09.2016,"212,6"
09.09.2016,"212,8"
12.09.2016,"212,1"
13.09.2016,"210,6"
14.09.2016,"209,2"
15.09.2016,"208,2"
16.09.2016,"207,7"
19.09.2016,"208,2"
20.09.2016,"208,4"
21.09.2016,"209,2"
22.09.2016,210
23.09.2016,"210,7"
26.09.2016,"212,2"
27.09.2016,"210,9"
28.09.2016,210
29.09.2016,"210,4"
30.09.2016,"210,9"
03.10.2016,211
04.10.2016,"210,8"
05.10.2016,"211,3"
06.10.2016,"211,5"
07.10.2016,"211,6"
10.10.2016,"211,5"
11.10.2016,"210,8"
12.10.2016,"211,5"
13.10.2016,"211,3"
14.10.2016,"210,4"
17.10.2016,"210,1"
18.10.2016,"210,5"
19.10.2016,"210,9"
20.10.2016,"212,3"
21.10.2016,"212,9"
24.10.2016,"213,7"
25.10.2016,214
26.10.2016,214
27.10.2016,"214,2"
28.10.2016,"213,1"
31.10.2016,"212,6"
01.11.2016,"212,6"
02.11.2016,"212,4"
03.11.2016,"210,3"
04.11.2016,209
07.11.2016,208
08.11.2016,"208,4"
09.11.2016,"210,1"
10.11.2016,"209,9"
11.11.2016,211
14.11.2016,"210,9"
15.11.2016,"210,3"
16.11.2016,"210,9"
17.11.2016,"211,5"
18.11.2016,"211,5"
21.11.2016,"212,3"
22.11.2016,"212,4"
23.11.2016,"212,7"
24.11.2016,"213,2"
25.11.2016,"213,6"
28.11.2016,"213,5"
29.11.2016,"213,9"
30.11.2016,"213,3"
01.12.2016,213
02.12.2016,"213,1"
05.12.2016,"212,5"
06.12.2016,"211,8"
07.12.2016,213
08.12.2016,213
09.12.2016,"216,4"
12.12.2016,"218,8"
13.12.2016,"218,3"
14.12.2016,"218,2"
15.12.2016,"218,1"
16.12.2016,"218,6"
19.12.2016,"218,9"
20.12.2016,"219,2"
21.12.2016,"219,6"
22.12.2016,"219,4"
23.12.2016,"218,8"
26.12.2016,"218,8"
27.12.2016,"218,5"
28.12.2016,"218,7"
29.12.2016,"219,3"
30.12.2016,219
02.01.2017,"218,7"
03.01.2017,"219,2"
04.01.2017,"220,9"
05.01.2017,"221,9"
06.01.2017,"221,9"
09.01.2017,"223,7"
10.01.2017,"222,3"
11.01.2017,"221,9"
12.01.2017,"222,7"
13.01.2017,"222,1"
16.01.2017,"222,1"
17.01.2017,"222,3"
18.01.2017,"220,8"
19.01.2017,"221,5"
20.01.2017,"221,7"
23.01.2017,"222,2"
24.01.2017,"221,3"
25.01.2017,"221,7"
26.01.2017,"223,3"
27.01.2017,"224,5"
30.01.2017,"224,5"
31.01.2017,"224,4"
01.02.2017,"222,7"
02.02.2017,"222,3"
03.02.2017,"222,8"
06.02.2017,"223,8"
07.02.2017,"224,1"
08.02.2017,"223,9"
09.02.2017,"224,5"
10.02.2017,"224,8"
13.02.2017,"226,1"
14.02.2017,"227,3"
15.02.2017,"227,9"
16.02.2017,"229,4"
17.02.2017,"229,2"
20.02.2017,"228,8"
21.02.2017,229
22.02.2017,"230,3"
23.02.2017,"231,2"
24.02.2017,"230,8"
27.02.2017,"229,6"
28.02.2017,"229,1"
01.03.2017,"228,9"
02.03.2017,"230,8"
03.03.2017,232
06.03.2017,"231,1"
07.03.2017,"230,5"
08.03.2017,"230,2"
09.03.2017,"230,1"
10.03.2017,"230,1"
13.03.2017,230
14.03.2017,"230,3"
15.03.2017,"230,9"
16.03.2017,"231,2"
17.03.2017,232
20.03.2017,"232,3"
21.03.2017,"232,6"
22.03.2017,"231,7"
23.03.2017,"230,5"
24.03.2017,"230,4"
27.03.2017,"230,7"
28.03.2017,230
29.03.2017,"230,8"
30.03.2017,"232,1"
31.03.2017,"232,9"
03.04.2017,"233,4"
04.04.2017,"233,8"
05.04.2017,"233,8"
06.04.2017,"233,6"
07.04.2017,"233,6"
10.04.2017,"234,1"
11.04.2017,"234,3"
12.04.2017,"233,9"
13.04.2017,"233,6"
14.04.2017,"233,6"
17.04.2017,"233,6"
18.04.2017,"233,5"
19.04.2017,"232,1"
20.04.2017,"231,3"
21.04.2017,"232,3"
24.04.2017,"233,1"
25.04.2017,"234,1"
26.04.2017,"236,1"
27.04.2017,237
28.04.2017,"237,1"
01.05.2017,"237,1"
02.05.2017,"236,8"
03.05.2017,"237,9"
04.05.2017,"238,2"
05.05.2017,"238,1"
08.05.2017,"238,4"
09.05.2017,239
10.05.2017,240
11.05.2017,"240,6"
12.05.2017,"241,3"
15.05.2017,"241,2"
16.05.2017,"240,8"
17.05.2017,"240,4"
18.05.2017,239
19.05.2017,"236,3"
22.05.2017,"236,4"
23.05.2017,"237,1"
24.05.2017,"237,6"
25.05.2017,"237,6"
26.05.2017,"238,2"
29.05.2017,"238,6"
30.05.2017,"238,9"
31.05.2017,239
01.06.2017,"238,2"
02.06.2017,"238,3"
05.06.2017,"238,3"
06.06.2017,"239,9"
07.06.2017,"239,8"
08.06.2017,"239,9"
09.06.2017,"239,9"
12.06.2017,"241,4"
13.06.2017,"240,5"
14.06.2017,"239,9"
15.06.2017,"239,9"
16.06.2017,"239,5"
19.06.2017,"239,4"
20.06.2017,"240,3"
21.06.2017,"241,5"
22.06.2017,"240,5"
23.06.2017,"240,5"
26.06.2017,"240,5"
27.06.2017,"240,9"
28.06.2017,"239,9"
29.06.2017,"237,8"
30.06.2017,"237,1"
03.07.2017,"236,4"
04.07.2017,"237,4"
05.07.2017,"237,5"
06.07.2017,"237,9"
07.07.2017,237
10.07.2017,"236,1"
11.07.2017,"237,1"
12.07.2017,"237,6"
13.07.2017,"237,6"
14.07.2017,"239,5"
17.07.2017,"239,9"
18.07.2017,"239,8"
19.07.2017,"238,8"
20.07.2017,"239,4"
21.07.2017,"240,5"
24.07.2017,"238,7"
25.07.2017,"237,9"
26.07.2017,"238,3"
27.07.2017,"239,1"
28.07.2017,"239,1"
31.07.2017,"238,4"
01.08.2017,"237,4"
02.08.2017,"237,7"
03.08.2017,"237,4"
04.08.2017,"236,8"
07.08.2017,"236,8"
08.08.2017,"237,8"
09.08.2017,"238,4"
10.08.2017,"238,5"
11.08.2017,"237,4"
14.08.2017,"235,1"
15.08.2017,"235,1"
16.08.2017,"235,6"
17.08.2017,"237,1"
18.08.2017,"237,9"
21.08.2017,"236,2"
22.08.2017,"235,9"
23.08.2017,"236,1"
24.08.2017,"236,6"
25.08.2017,236
28.08.2017,236
29.08.2017,235
30.08.2017,"233,3"
31.08.2017,"233,9"
01.09.2017,"235,9"
04.09.2017,"236,8"
05.09.2017,"236,9"
06.09.2017,"236,9"
07.09.2017,"236,5"
08.09.2017,"236,3"
11.09.2017,"236,1"
12.09.2017,"237,7"
13.09.2017,"239,5"
14.09.2017,"239,8"
15.09.2017,"240,7"
18.09.2017,"239,9"
19.09.2017,"240,3"
20.09.2017,"240,5"
21.09.2017,"240,4"
22.09.2017,"241,1"
25.09.2017,"240,8"
26.09.2017,"240,9"
27.09.2017,"240,6"
28.09.2017,241
29.09.2017,"241,7"
02.10.2017,"242,2"
03.10.2017,"244,1"
04.10.2017,"244,5"
05.10.2017,"244,7"
06.10.2017,"245,6"
09.10.2017,"245,6"
10.10.2017,"245,8"
11.10.2017,"245,2"
12.10.2017,"245,1"
13.10.2017,"245,2"
16.10.2017,"246,3"
17.10.2017,"247,2"
18.10.2017,"247,7"
19.10.2017,"247,6"
20.10.2017,"246,1"
23.10.2017,"246,1"
24.10.2017,"247,4"
25.10.2017,"247,3"
26.10.2017,"247,3"
27.10.2017,247
30.10.2017,"249,5"
31.10.2017,"249,4"
01.11.2017,"249,4"
02.11.2017,"250,6"
03.11.2017,"250,8"
06.11.2017,"251,4"
07.11.2017,"252,4"
08.11.2017,"252,9"
09.11.2017,"252,2"
10.11.2017,"251,2"
13.11.2017,"249,3"
14.11.2017,"248,9"
15.11.2017,"247,1"
16.11.2017,"244,5"
17.11.2017,"246,1"
20.11.2017,"246,2"
21.11.2017,"247,3"
22.11.2017,"248,9"
23.11.2017,"249,4"
24.11.2017,"248,6"
27.11.2017,"248,5"
28.11.2017,"247,4"
29.11.2017,"247,9"
30.11.2017,"248,8"
01.12.2017,"248,4"
04.12.2017,"247,4"
05.12.2017,248
06.12.2017,"247,5"
07.12.2017,"246,7"
08.12.2017,"246,7"
11.12.2017,"248,1"
12.12.2017,"249,4"
13.12.2017,250
14.12.2017,"249,9"
15.12.2017,"248,8"
18.12.2017,249
19.12.2017,"250,6"
20.12.2017,"250,6"
21.12.2017,"250,1"
22.12.2017,"250,1"
25.12.2017,"250,1"
26.12.2017,"250,1"
27.12.2017,"250,4"
28.12.2017,"250,6"
29.12.2017,"250,3"
01.01.2018,"250,3"
02.01.2018,250
03.01.2018,"249,6"
04.01.2018,"251,6"
05.01.2018,"253,5"
08.01.2018,255
09.01.2018,"256,8"
10.01.2018,"257,9"
11.01.2018,"257,1"
12.01.2018,"257,6"
15.01.2018,257
16.01.2018,"256,4"
17.01.2018,"257,4"
18.01.2018,"257,7"
19.01.2018,"256,9"
22.01.2018,"257,8"
23.01.2018,"259,1"
24.01.2018,"260,4"
25.01.2018,"260,5"
26.01.2018,"259,1"
29.01.2018,"259,1"
30.01.2018,"259,6"
31.01.2018,"257,2"
01.02.2018,256
02.02.2018,"256,1"
05.02.2018,"253,9"
06.02.2018,"249,1"
07.02.2018,"245,3"
08.02.2018,"245,4"
09.02.2018,"244,4"
12.02.2018,"241,6"
13.02.2018,242
14.02.2018,"242,3"
15.02.2018,"243,8"
16.02.2018,"245,7"
19.02.2018,247
20.02.2018,"248,4"
21.02.2018,"248,7"
22.02.2018,"249,5"
23.02.2018,"249,4"
26.02.2018,"249,8"
27.02.2018,251
28.02.2018,"251,6"
01.03.2018,"250,8"
02.03.2018,"249,2"
05.03.2018,"245,1"
06.03.2018,"244,8"
07.03.2018,"245,4"
08.03.2018,"245,9"
09.03.2018,"247,4"
12.03.2018,"249,9"
13.03.2018,"251,2"
14.03.2018,"250,8"
15.03.2018,"249,9"
16.03.2018,"249,8"
19.03.2018,"250,7"
20.03.2018,"249,9"
21.03.2018,"249,3"
22.03.2018,"250,2"
23.03.2018,"247,9"
26.03.2018,244
27.03.2018,"242,7"
28.03.2018,"243,8"
29.03.2018,"243,9"
30.03.2018,"243,9"
02.04.2018,"243,9"
03.04.2018,244
04.04.2018,"244,8"
05.04.2018,"244,3"
06.04.2018,"246,7"
09.04.2018,"247,2"
10.04.2018,"246,8"
11.04.2018,"247,3"
12.04.2018,"246,9"
13.04.2018,"247,5"
16.04.2018,"248,4"
17.04.2018,"247,9"
18.04.2018,"248,4"
19.04.2018,"249,8"
20.04.2018,250
23.04.2018,"250,4"
24.04.2018,251
25.04.2018,"251,4"
26.04.2018,250
27.04.2018,"250,3"
30.04.2018,"251,9"
01.05.2018,"251,9"
02.05.2018,252
03.05.2018,"253,4"
04.05.2018,"253,6"
07.05.2018,"254,2"
08.05.2018,"254,9"
09.05.2018,"256,9"
10.05.2018,"256,9"
11.05.2018,"258,5"
14.05.2018,259
15.05.2018,"258,9"
16.05.2018,259
17.05.2018,"260,1"
18.05.2018,"260,8"
21.05.2018,"260,8"
22.05.2018,"261,4"
23.05.2018,"261,4"
24.05.2018,"261,2"
25.05.2018,260
28.05.2018,"259,6"
29.05.2018,"260,4"
30.05.2018,"258,8"
31.05.2018,"258,8"
01.06.2018,"258,1"
04.06.2018,"258,3"
05.06.2018,260
06.06.2018,"261,2"
07.06.2018,"261,3"
08.06.2018,"261,9"
11.06.2018,"262,1"
12.06.2018,"261,8"
13.06.2018,"262,6"
14.06.2018,"262,6"
15.06.2018,"262,6"
18.06.2018,"263,8"
19.06.2018,"261,6"
20.06.2018,"260,5"
21.06.2018,"260,1"
22.06.2018,259
25.06.2018,"258,5"
26.06.2018,"256,4"
27.06.2018,"254,2"
28.06.2018,"254,6"
29.06.2018,"253,1"
02.07.2018,"253,4"
03.07.2018,"252,8"
04.07.2018,"252,7"
05.07.2018,"252,5"
06.07.2018,"252,4"
09.07.2018,"253,3"
10.07.2018,"254,3"
11.07.2018,"255,9"
12.07.2018,255
13.07.2018,255
16.07.2018,"256,3"
17.07.2018,256
18.07.2018,"256,1"
19.07.2018,"257,5"
20.07.2018,"257,2"
23.07.2018,"255,9"
24.07.2018,"255,7"
25.07.2018,"256,6"
26.07.2018,257
27.07.2018,"257,8"
30.07.2018,"259,2"
31.07.2018,"258,1"
01.08.2018,"256,7"
02.08.2018,"257,4"
03.08.2018,"256,5"
06.08.2018,256
07.08.2018,"256,6"
08.08.2018,"257,3"
09.08.2018,"257,4"
10.08.2018,"257,5"
13.08.2018,257
14.08.2018,256
15.08.2018,256
16.08.2018,"253,4"
17.08.2018,"253,5"
20.08.2018,"252,9"
21.08.2018,"253,4"
22.08.2018,"253,8"
23.08.2018,"254,6"
24.08.2018,255
27.08.2018,"255,2"
28.08.2018,"256,3"
29.08.2018,"256,9"
30.08.2018,"257,8"
31.08.2018,"256,9"
03.09.2018,"256,4"
04.09.2018,"256,2"
05.09.2018,"255,8"
06.09.2018,254
07.09.2018,"252,2"
10.09.2018,"251,3"
11.09.2018,"251,7"
12.09.2018,"251,7"
13.09.2018,"251,9"
14.09.2018,"252,4"
17.09.2018,"252,8"
18.09.2018,"253,5"
19.09.2018,"253,7"
20.09.2018,"254,8"
21.09.2018,255
24.09.2018,"255,7"
25.09.2018,"255,1"
26.09.2018,"255,1"
27.09.2018,"255,6"
28.09.2018,"255,8"
01.10.2018,"255,8"
02.10.2018,"256,1"
03.10.2018,"255,7"
04.10.2018,"255,1"
05.10.2018,"254,3"
08.10.2018,"252,1"
09.10.2018,"250,3"
10.10.2018,"248,4"
11.10.2018,"246,1"
12.10.2018,"240,7"
15.10.2018,"239,7"
16.10.2018,"239,8"
17.10.2018,"241,6"
18.10.2018,"243,9"
19.10.2018,"242,7"
22.10.2018,"241,7"
23.10.2018,"240,8"
24.10.2018,"238,2"
25.10.2018,"235,8"
26.10.2018,"235,8"
29.10.2018,"233,2"
30.10.2018,"233,3"
31.10.2018,"233,9"
01.11.2018,"233,9"
02.11.2018,"238,4"
05.11.2018,"241,1"
06.11.2018,"241,9"
07.11.2018,"241,4"
08.11.2018,"242,5"
09.11.2018,"244,4"
12.11.2018,"243,8"
13.11.2018,"242,1"
14.11.2018,"240,6"
15.11.2018,"239,8"
16.11.2018,"239,6"
19.11.2018,"238,9"
20.11.2018,"237,8"
21.11.2018,"234,9"
22.11.2018,"234,6"
23.11.2018,"235,1"
26.11.2018,"235,1"
27.11.2018,"236,9"
28.11.2018,"238,2"
29.11.2018,"239,1"
30.11.2018,"239,8"
03.12.2018,"240,6"
04.12.2018,"242,4"
05.12.2018,"241,6"
06.12.2018,"238,8"
07.12.2018,"234,5"
10.12.2018,"232,4"
11.12.2018,"230,3"
12.12.2018,"229,6"
13.12.2018,"231,4"
14.12.2018,"232,8"
17.12.2018,"231,4"
18.12.2018,"228,6"
19.12.2018,"226,4"
20.12.2018,"225,5"
21.12.2018,223
24.12.2018,223
25.12.2018,223
26.12.2018,223
27.12.2018,"220,2"
28.12.2018,"220,5"
31.12.2018,"220,5"
01.01.2019,"220,5"
02.01.2019,"222,8"
03.01.2019,"223,4"
04.01.2019,"221,4"
07.01.2019,"223,1"
08.01.2019,226
09.01.2019,"228,2"
10.01.2019,"229,3"
11.01.2019,"230,5"
14.01.2019,"230,9"
15.01.2019,"230,3"
16.01.2019,"230,7"
17.01.2019,"232,5"
18.01.2019,"233,6"
21.01.2019,"235,4"
22.01.2019,"236,8"
23.01.2019,"235,9"
24.01.2019,"234,9"
25.01.2019,"235,4"
28.01.2019,"236,9"
29.01.2019,"236,8"
30.01.2019,"236,5"
31.01.2019,237
01.02.2019,"237,9"
04.02.2019,"238,5"
05.02.2019,"239,3"
06.02.2019,"240,4"
07.02.2019,"241,5"
08.02.2019,"240,6"
11.02.2019,"238,9"
12.02.2019,"239,2"
13.02.2019,"240,8"
14.02.2019,"242,4"
15.02.2019,"242,4"
18.02.2019,"242,5"
19.02.2019,"243,4"
20.02.2019,"243,8"
21.02.2019,"244,2"
22.02.2019,"244,8"
25.02.2019,"245,1"
26.02.2019,"246,3"
27.02.2019,"246,7"
28.02.2019,"246,2"
01.03.2019,"245,6"
04.03.2019,"246,6"
05.03.2019,"248,3"
06.03.2019,"248,7"
07.03.2019,"248,5"
08.03.2019,"247,8"
11.03.2019,"245,7"
12.03.2019,"246,1"
13.03.2019,"247,6"
14.03.2019,"248,1"
15.03.2019,"248,5"
18.03.2019,"249,3"
19.03.2019,"250,1"
20.03.2019,251
21.03.2019,"250,9"
22.03.2019,"250,2"
25.03.2019,"250,1"
26.03.2019,"247,6"
27.03.2019,"248,3"
28.03.2019,"248,9"
29.03.2019,249
01.04.2019,"249,8"
02.04.2019,"252,4"
03.04.2019,254
04.04.2019,"254,9"
05.04.2019,"256,1"
08.04.2019,"256,2"
09.04.2019,"255,9"
10.04.2019,"255,2"
11.04.2019,"255,4"
12.04.2019,"255,5"
15.04.2019,"255,8"
16.04.2019,"256,7"
17.04.2019,"257,5"
18.04.2019,"257,8"
19.04.2019,"257,8"
22.04.2019,"257,8"
23.04.2019,"258,4"
24.04.2019,"259,2"
25.04.2019,"259,3"
26.04.2019,"259,5"
29.04.2019,"259,2"
30.04.2019,"259,8"
01.05.2019,"259,8"
02.05.2019,"259,5"
03.05.2019,259
06.05.2019,"259,6"
07.05.2019,"258,5"
08.05.2019,"256,9"
09.05.2019,"253,9"
10.05.2019,"252,4"
13.05.2019,251
14.05.2019,"248,4"
15.05.2019,"248,1"
16.05.2019,249
17.05.2019,"250,8"
20.05.2019,251
21.05.2019,"249,6"
22.05.2019,"248,9"
23.05.2019,"249,7"
24.05.2019,"248,3"
27.05.2019,"247,1"
28.05.2019,"247,7"
29.05.2019,"248,1"
30.05.2019,"248,1"
31.05.2019,"247,4"
03.06.2019,246
04.06.2019,"245,6"
05.06.2019,"246,1"
06.06.2019,"247,7"
07.06.2019,"247,6"
10.06.2019,"247,6"
11.06.2019,"248,7"
12.06.2019,"250,4"
13.06.2019,"250,6"
14.06.2019,"250,8"
17.06.2019,251
18.06.2019,"249,9"
19.06.2019,"251,2"
20.06.2019,"251,2"
21.06.2019,"254,1"
24.06.2019,254
25.06.2019,"253,2"
26.06.2019,"252,4"
27.06.2019,"251,9"
28.06.2019,"252,9"
01.07.2019,"254,1"
02.07.2019,"256,9"
03.07.2019,"258,3"
04.07.2019,"259,2"
05.07.2019,"259,9"
08.07.2019,"259,9"
09.07.2019,"258,8"
10.07.2019,"257,4"
11.07.2019,257
12.07.2019,"257,2"
15.07.2019,"257,5"
16.07.2019,"257,9"
17.07.2019,"258,2"
18.07.2019,"257,8"
19.07.2019,"256,9"
22.07.2019,"257,3"
23.07.2019,257
24.07.2019,"258,3"
25.07.2019,"259,9"
26.07.2019,260
29.07.2019,260
30.07.2019,"259,7"
31.07.2019,"258,3"
01.08.2019,"256,9"
02.08.2019,"257,5"
05.08.2019,"254,1"
06.08.2019,"249,1"
07.08.2019,"247,5"
08.08.2019,"246,4"
09.08.2019,"248,4"
12.08.2019,249
13.08.2019,247
14.08.2019,"246,5"
15.08.2019,"246,5"
16.08.2019,"245,7"
19.08.2019,246
20.08.2019,"247,9"
21.08.2019,"249,1"
22.08.2019,"249,4"
23.08.2019,250
26.08.2019,"248,9"
27.08.2019,248
28.08.2019,"248,4"
29.08.2019,"248,6"
30.08.2019,"249,5"
02.09.2019,"251,4"
03.09.2019,"252,5"
04.09.2019,"252,1"
05.09.2019,"252,3"
06.09.2019,"254,2"
09.09.2019,"255,4"
10.09.2019,"255,7"
11.09.2019,"255,5"
12.09.2019,"257,3"
13.09.2019,"258,3"
16.09.2019,"258,7"
17.09.2019,"259,4"
18.09.2019,"258,6"
19.09.2019,"258,5"
20.09.2019,"258,9"
23.09.2019,"259,7"
24.09.2019,"259,5"
25.09.2019,"258,6"
26.09.2019,"258,2"
27.09.2019,258
30.09.2019,"257,4"
01.10.2019,"258,2"
02.10.2019,"257,3"
03.10.2019,"254,1"
04.10.2019,"252,5"
07.10.2019,"252,8"
08.10.2019,"253,2"
09.10.2019,"252,9"
10.10.2019,"252,5"
11.10.2019,"252,5"
14.10.2019,"254,8"
15.10.2019,"256,2"
16.10.2019,"257,5"
17.10.2019,"258,4"
18.10.2019,"258,4"
21.10.2019,258
22.10.2019,"258,4"
23.10.2019,"259,1"
24.10.2019,"259,2"
25.10.2019,"259,8"
28.10.2019,"260,7"
29.10.2019,"261,4"
30.10.2019,"261,8"
31.10.2019,"261,8"
01.11.2019,"261,8"
04.11.2019,"262,1"
05.11.2019,"263,7"
06.11.2019,"266,5"
07.11.2019,267
08.11.2019,"268,1"
11.11.2019,"268,7"
12.11.2019,268
13.11.2019,"268,5"
14.11.2019,268
15.11.2019,"267,5"
18.11.2019,"267,8"
19.11.2019,"268,2"
20.11.2019,"268,2"
21.11.2019,"267,9"
22.11.2019,"266,9"
25.11.2019,"267,1"
26.11.2019,"269,2"
27.11.2019,"270,3"
28.11.2019,"271,5"
29.11.2019,"271,7"
02.12.2019,"270,5"
03.12.2019,"268,7"
04.12.2019,"266,8"
05.12.2019,"267,4"
06.12.2019,"268,7"
09.12.2019,"270,6"
10.12.2019,"270,8"
11.12.2019,"270,1"
12.12.2019,"270,1"
13.12.2019,"271,4"
16.12.2019,"273,3"
17.12.2019,"275,1"
18.12.2019,"275,8"
19.12.2019,"275,8"
20.12.2019,"275,9"
23.12.2019,"277,2"
24.12.2019,"277,2"
25.12.2019,"277,2"
26.12.2019,"277,2"
27.12.2019,"277,5"
30.12.2019,278
31.12.2019,278
01.01.2020,278
02.01.2020,"277,1"
03.01.2020,"278,9"
06.01.2020,"278,9"
07.01.2020,"277,9"
08.01.2020,"278,5"
09.01.2020,"279,2"
10.01.2020,"280,6"
13.01.2020,"281,3"
14.01.2020,"281,8"
15.01.2020,"282,4"
16.01.2020,"281,8"
17.01.2020,"282,3"
20.01.2020,"283,7"
21.01.2020,"284,1"
22.01.2020,283
23.01.2020,"283,1"
24.01.2020,"282,6"
27.01.2020,282
28.01.2020,"278,9"
29.01.2020,"278,3"
30.01.2020,"279,3"
31.01.2020,"277,4"
03.02.2020,"274,5"
04.02.2020,"273,8"
05.02.2020,"276,1"
06.02.2020,"279,6"
07.02.2020,"281,8"
10.02.2020,"281,4"
11.02.2020,"281,1"
12.02.2020,"282,7"
13.02.2020,"284,8"
14.02.2020,"286,1"
17.02.2020,"286,1"
18.02.2020,"286,5"
19.02.2020,"286,1"
20.02.2020,"286,5"
21.02.2020,"286,5"
24.02.2020,"285,1"
25.02.2020,"279,1"
26.02.2020,"274,3"
27.02.2020,"271,7"
28.02.2020,"265,7"
02.03.2020,"258,6"
03.03.2020,"256,8"
04.03.2020,"257,3"
05.03.2020,"260,8"
06.03.2020,"259,2"
09.03.2020,253
10.03.2020,"240,6"
11.03.2020,"236,8"
12.03.2020,"234,9"
13.03.2020,"222,1"
16.03.2020,"217,2"
17.03.2020,"207,3"
18.03.2020,"207,1"
19.03.2020,"200,8"
20.03.2020,"196,4"
23.03.2020,"200,7"
24.03.2020,"196,8"
25.03.2020,"202,6"
26.03.2020,"210,3"
27.03.2020,"215,6"
30.03.2020,"214,8"
31.03.2020,"214,5"
01.04.2020,"215,9"
02.04.2020,"212,7"
03.04.2020,"212,1"
06.04.2020,212
07.04.2020,"216,5"
08.04.2020,"222,9"
09.04.2020,"225,2"
10.04.2020,"225,2"
13.04.2020,"225,2"
14.04.2020,"228,2"
15.04.2020,232
16.04.2020,"230,2"
17.04.2020,"228,1"
20.04.2020,"230,1"
21.04.2020,"232,3"
22.04.2020,"230,6"
23.04.2020,"229,5"
24.04.2020,"232,5"
27.04.2020,"232,3"
28.04.2020,"233,7"
29.04.2020,"236,8"
30.04.2020,"239,2"
01.05.2020,"239,2"
04.05.2020,"238,8"
05.05.2020,"235,1"
06.05.2020,236
07.05.2020,"237,1"
08.05.2020,"237,7"
11.05.2020,"238,9"
12.05.2020,"240,7"
13.05.2020,"240,6"
14.05.2020,"239,1"
15.05.2020,236
18.05.2020,"235,9"
19.05.2020,"238,4"
20.05.2020,"241,4"
21.05.2020,"241,4"
22.05.2020,"241,6"
25.05.2020,"241,2"
26.05.2020,"241,7"
27.05.2020,"243,7"
28.05.2020,"245,1"
29.05.2020,"246,4"
01.06.2020,"246,4"
02.06.2020,"246,6"
03.06.2020,"249,1"
04.06.2020,253
05.06.2020,"253,3"
08.06.2020,"255,9"
09.06.2020,"258,4"
10.06.2020,"256,8"
11.06.2020,"256,8"
12.06.2020,250
15.06.2020,"248,3"
16.06.2020,"245,5"
17.06.2020,"249,7"
18.06.2020,"252,2"
19.06.2020,"252,3"
22.06.2020,"253,2"
23.06.2020,253
24.06.2020,"252,8"
25.06.2020,"252,5"
26.06.2020,"251,2"
29.06.2020,"251,6"
30.06.2020,"250,3"
01.07.2020,"251,5"
02.07.2020,"252,3"
03.07.2020,"254,6"
06.07.2020,"256,3"
07.07.2020,"258,3"
08.07.2020,"259,6"
09.07.2020,"259,3"
10.07.2020,"259,8"
13.07.2020,"259,3"
14.07.2020,"260,4"
15.07.2020,"258,6"
16.07.2020,"259,5"
17.07.2020,"259,4"
20.07.2020,"258,8"
21.07.2020,"260,6"
22.07.2020,"262,6"
23.07.2020,"262,2"
24.07.2020,"261,9"
27.07.2020,260
28.07.2020,"258,3"
29.07.2020,"258,5"
30.07.2020,"258,6"
31.07.2020,"257,2"
03.08.2020,"256,2"
04.08.2020,"258,3"
05.08.2020,"259,8"
06.08.2020,"261,4"
07.08.2020,"263,4"
10.08.2020,"263,1"
11.08.2020,"263,6"
12.08.2020,"263,7"
13.08.2020,"265,4"
14.08.2020,"265,7"
17.08.2020,"265,4"
18.08.2020,"265,3"
19.08.2020,"265,6"
20.08.2020,"265,4"
21.08.2020,"264,8"
24.08.2020,"264,9"
25.08.2020,"266,6"
26.08.2020,"268,4"
27.08.2020,"269,2"
28.08.2020,"270,3"
31.08.2020,"269,8"
01.09.2020,"269,1"
02.09.2020,"269,2"
03.09.2020,"271,5"
04.09.2020,"270,3"
07.09.2020,"267,4"
08.09.2020,"266,8"
09.09.2020,"265,1"
10.09.2020,"265,3"
11.09.2020,"265,3"
14.09.2020,265
15.09.2020,"266,2"
16.09.2020,"267,9"
17.09.2020,"269,1"
18.09.2020,"268,7"
21.09.2020,"268,2"
22.09.2020,"266,1"
23.09.2020,"262,9"
24.09.2020,"264,4"
25.09.2020,"262,3"
28.09.2020,"261,2"
29.09.2020,"263,2"
30.09.2020,"265,1"
01.10.2020,"264,5"
02.10.2020,"265,9"
05.10.2020,"266,4"
06.10.2020,"266,6"
07.10.2020,"269,1"
08.10.2020,"269,9"
09.10.2020,"271,6"
12.10.2020,"272,9"
13.10.2020,"274,5"
14.10.2020,"276,8"
15.10.2020,"276,1"
16.10.2020,"275,2"
19.10.2020,"273,5"
20.10.2020,"273,8"
21.10.2020,"271,9"
22.10.2020,"272,3"
23.10.2020,"271,8"
26.10.2020,"271,8"
27.10.2020,"271,3"
28.10.2020,"269,4"
29.10.2020,"266,7"
30.10.2020,"264,1"
02.11.2020,264
03.11.2020,"264,8"
04.11.2020,"267,5"
05.11.2020,"270,8"
06.11.2020,"274,8"
09.11.2020,"277,9"
10.11.2020,"280,1"
11.11.2020,"282,9"
12.11.2020,"283,4"
13.11.2020,284
16.11.2020,"283,7"
17.11.2020,"285,5"
18.11.2020,"287,5"
19.11.2020,"287,6"
20.11.2020,"287,5"
23.11.2020,"287,6"
24.11.2020,"289,2"
25.11.2020,"290,3"
26.11.2020,"291,2"
27.11.2020,"291,3"
30.11.2020,"291,4"
01.12.2020,"291,4"
02.12.2020,"290,3"
03.12.2020,"291,6"
04.12.2020,291
07.12.2020,"292,5"
08.12.2020,"292,5"
09.12.2020,"294,1"
10.12.2020,295
11.12.2020,"293,9"
14.12.2020,"293,3"
15.12.2020,293
16.12.2020,"293,2"
17.12.2020,295
18.12.2020,"296,5"
21.12.2020,"297,9"
22.12.2020,"296,3"
23.12.2020,"295,2"
24.12.2020,"295,2"
25.12.2020,"295,2"
28.12.2020,"297,1"
29.12.2020,"298,3"
30.12.2020,"299,3"
31.12.2020,"299,3"
01.01.2021,"299,3"
04.01.2021,301
05.01.2021,"302,8"
06.01.2021,"302,8"
07.01.2021,"304,5"
08.01.2021,"307,1"
11.01.2021,"310,1"
12.01.2021,"311,6"
13.01.2021,"310,7"
14.01.2021,"312,1"
15.01.2021,"313,4"
18.01.2021,"313,4"
19.01.2021,"311,2"
20.01.2021,"311,6"
21.01.2021,"314,3"
22.01.2021,"316,7"
25.01.2021,316
26.01.2021,"315,6"
27.01.2021,"314,1"
28.01.2021,"312,4"
29.01.2021,"308,6"
01.02.2021,"307,5"
02.02.2021,"306,7"
03.02.2021,"312,1"
04.02.2021,"317,1"
05.02.2021,"318,4"
08.02.2021,"319,4"
09.02.2021,"321,8"
10.02.2021,"322,6"
11.02.2021,"323,1"
12.02.2021,"323,8"
15.02.2021,"324,8"
16.02.2021,"326,1"
17.02.2021,"327,6"
18.02.2021,"328,2"
19.02.2021,"325,7"
22.02.2021,"322,5"
23.02.2021,323
24.02.2021,"319,3"
25.02.2021,"318,8"
26.02.2021,"318,3"
01.03.2021,"315,2"
02.03.2021,"314,6"
03.03.2021,319
04.03.2021,"318,4"
05.03.2021,"317,9"
08.03.2021,"315,1"
09.03.2021,"316,1"
10.03.2021,"316,1"
11.03.2021,"318,6"
12.03.2021,"319,3"
15.03.2021,"322,1"
16.03.2021,"322,4"
17.03.2021,"323,8"
18.03.2021,"323,6"
19.03.2021,"324,3"
22.03.2021,"323,5"
23.03.2021,"321,4"
24.03.2021,"321,6"
25.03.2021,"319,2"
26.03.2021,"317,4"
29.03.2021,"318,7"
30.03.2021,"322,4"
31.03.2021,"322,2"
01.04.2021,"323,2"
02.04.2021,"323,2"
05.04.2021,"323,2"
06.04.2021,"322,9"
07.04.2021,"326,7"
08.04.2021,"326,1"
09.04.2021,"325,5"
12.04.2021,"326,8"
13.04.2021,"325,4"
14.04.2021,"324,7"
15.04.2021,"325,8"
16.04.2021,"326,2"
19.04.2021,328
20.04.2021,"328,9"
21.04.2021,327
22.04.2021,"323,9"
23.04.2021,"325,8"
26.04.2021,"326,8"
27.04.2021,"328,4"
28.04.2021,"329,6"
29.04.2021,"329,6"
30.04.2021,"329,1"
03.05.2021,"329,4"
04.05.2021,328
05.05.2021,"327,4"
06.05.2021,326
07.05.2021,"326,8"
10.05.2021,"326,1"
11.05.2021,"328,5"
12.05.2021,"325,7"
13.05.2021,"325,7"
14.05.2021,"322,8"
17.05.2021,"320,1"
18.05.2021,"323,3"
19.05.2021,"323,5"
20.05.2021,"323,1"
21.05.2021,"322,2"
24.05.2021,"322,2"
25.05.2021,"324,9"
26.05.2021,326
27.05.2021,"327,7"
28.05.2021,"328,4"
31.05.2021,"329,8"
01.06.2021,330
02.06.2021,"330,4"
03.06.2021,"330,4"
04.06.2021,"332,1"
07.06.2021,"331,3"
08.06.2021,332
09.06.2021,"332,2"
10.06.2021,"331,8"
11.06.2021,"330,9"
14.06.2021,"332,8"
15.06.2021,"333,7"
16.06.2021,"334,1"
17.06.2021,"332,9"
18.06.2021,"333,7"
21.06.2021,"334,3"
22.06.2021,"330,5"
23.06.2021,"331,8"
24.06.2021,"331,9"
25.06.2021,"333,1"
28.06.2021,"334,2"
29.06.2021,"335,7"
30.06.2021,335
01.07.2021,"335,5"
02.07.2021,"334,7"
05.07.2021,"336,2"
06.07.2021,"336,4"
07.07.2021,"337,8"
08.07.2021,"337,3"
09.07.2021,"335,2"
12.07.2021,"332,4"
13.07.2021,"334,7"
14.07.2021,338
15.07.2021,"338,3"
16.07.2021,"337,2"
19.07.2021,"336,1"
20.07.2021,"332,6"
21.07.2021,"328,9"
22.07.2021,331
23.07.2021,"334,9"
26.07.2021,"336,8"
27.07.2021,"336,5"
28.07.2021,"334,6"
29.07.2021,"333,1"
30.07.2021,"335,1"
02.08.2021,"337,2"
03.08.2021,"336,9"
04.08.2021,"337,4"
05.08.2021,"338,2"
06.08.2021,339
09.08.2021,"340,4"
10.08.2021,"340,1"
11.08.2021,"341,2"
12.08.2021,"342,1"
13.08.2021,"342,6"
16.08.2021,"341,6"
17.08.2021,"340,7"
18.08.2021,"340,2"
19.08.2021,"339,1"
20.08.2021,"338,5"
23.08.2021,"334,9"
24.08.2021,"335,7"
25.08.2021,"339,1"
26.08.2021,"341,1"
27.08.2021,"341,7"
30.08.2021,"340,3"
31.08.2021,"342,2"
01.09.2021,"343,2"
02.09.2021,"343,4"
03.09.2021,"344,3"
06.09.2021,"345,7"
07.09.2021,"346,8"
08.09.2021,"347,3"
09.09.2021,"346,9"
10.09.2021,"344,8"
13.09.2021,"344,9"
14.09.2021,"344,9"
15.09.2021,"345,1"
16.09.2021,"343,8"
17.09.2021,"343,3"
20.09.2021,"343,9"
21.09.2021,"341,7"
22.09.2021,"338,7"
23.09.2021,"339,3"
24.09.2021,"341,5"
27.09.2021,"343,8"
28.09.2021,"342,3"
29.09.2021,"340,9"
30.09.2021,"337,4"
01.10.2021,"337,9"
04.10.2021,"336,6"
05.10.2021,"336,5"
06.10.2021,"333,4"
07.10.2021,"334,8"
08.10.2021,"334,7"
11.10.2021,"337,9"
12.10.2021,"338,1"
13.10.2021,"337,6"
14.10.2021,"337,6"
15.10.2021,"339,7"
18.10.2021,"343,2"
19.10.2021,"344,9"
20.10.2021,"344,8"
21.10.2021,"346,3"
22.10.2021,"346,9"
25.10.2021,"347,8"
26.10.2021,"347,8"
27.10.2021,"349,1"
28.10.2021,"350,3"
29.10.2021,"347,1"
01.11.2021,"347,1"
02.11.2021,"348,4"
03.11.2021,"349,6"
04.11.2021,"349,9"
05.11.2021,352
08.11.2021,"353,6"
09.11.2021,"353,3"
10.11.2021,"353,7"
11.11.2021,"353,9"
12.11.2021,"353,3"
15.11.2021,"354,8"
16.11.2021,"356,4"
17.11.2021,"357,6"
18.11.2021,"358,4"
19.11.2021,"356,8"
22.11.2021,"355,9"
23.11.2021,"355,5"
24.11.2021,"353,8"
25.11.2021,"351,7"
26.11.2021,"351,5"
29.11.2021,"350,2"
30.11.2021,"342,4"
01.12.2021,"343,5"
02.12.2021,"340,7"
03.12.2021,"341,6"
06.12.2021,"341,8"
07.12.2021,"339,3"
08.12.2021,"339,3"
09.12.2021,"343,5"
10.12.2021,348
13.12.2021,346
14.12.2021,"345,1"
15.12.2021,"343,4"
16.12.2021,"340,4"
17.12.2021,"342,2"
20.12.2021,"341,8"
21.12.2021,"339,3"
22.12.2021,"336,1"
23.12.2021,"340,2"
24.12.2021,"340,2"
27.12.2021,"343,6"
28.12.2021,"344,9"
29.12.2021,"347,3"
30.12.2021,"346,7"
31.12.2021,"346,7"
03.01.2022,"347,4"
04.01.2022,"348,7"
05.01.2022,"349,8"
06.01.2022,"349,8"
07.01.2022,"348,2"
10.01.2022,"343,6"
11.01.2022,"342,4"
12.01.2022,"339,6"
13.01.2022,"341,8"
14.01.2022,"342,9"
17.01.2022,"340,1"
18.01.2022,"338,1"
19.01.2022,"339,4"
20.01.2022,"335,3"
21.01.2022,335
24.01.2022,"334,7"
25.01.2022,"328,7"
26.01.2022,"323,3"
27.01.2022,"322,7"
28.01.2022,"324,5"
31.01.2022,"321,9"
01.02.2022,"323,8"
02.02.2022,"328,2"
03.02.2022,331
04.02.2022,330
07.02.2022,"325,6"
08.02.2022,"325,4"
09.02.2022,"325,6"
10.02.2022,"327,5"
11.02.2022,"332,6"
14.02.2022,"331,5"
15.02.2022,329
16.02.2022,"324,8"
17.02.2022,"328,8"
18.02.2022,"329,1"
21.02.2022,"325,8"
22.02.2022,323
23.02.2022,"319,5"
24.02.2022,"317,5"
25.02.2022,"316,2"
28.02.2022,"310,6"
01.03.2022,"317,6"
02.03.2022,"318,7"
03.03.2022,"314,2"
04.03.2022,"315,9"
07.03.2022,"313,2"
08.03.2022,"305,3"
09.03.2022,298
10.03.2022,"295,2"
11.03.2022,"304,6"
14.03.2022,"303,9"
15.03.2022,"302,1"
16.03.2022,"301,4"
17.03.2022,"302,5"
18.03.2022,"309,4"
21.03.2022,"312,9"
22.03.2022,"316,2"
23.03.2022,"316,3"
24.03.2022,"319,7"
25.03.2022,"317,1"
28.03.2022,"316,5"
29.03.2022,"315,4"
30.03.2022,"315,1"
31.03.2022,"318,8"
01.04.2022,"317,8"
04.04.2022,"315,4"
05.04.2022,"317,2"
06.04.2022,"320,3"
07.04.2022,"317,4"
08.04.2022,"312,5"
11.04.2022,312
12.04.2022,"312,2"
13.04.2022,"310,1"
14.04.2022,"309,6"
15.04.2022,"309,6"
18.04.2022,"309,6"
19.04.2022,"312,3"
20.04.2022,"310,8"
21.04.2022,"310,9"
22.04.2022,"312,7"
25.04.2022,"312,4"
26.04.2022,"307,4"
27.04.2022,"306,1"
28.04.2022,"302,9"
29.04.2022,"302,6"
02.05.2022,"306,7"
03.05.2022,305
04.05.2022,305
05.05.2022,"304,4"
06.05.2022,"305,8"
09.05.2022,299
10.05.2022,"296,1"
11.05.2022,"288,7"
12.05.2022,"287,9"
13.05.2022,"288,8"
16.05.2022,"288,9"
17.05.2022,"294,4"
18.05.2022,"293,1"
19.05.2022,"297,4"
20.05.2022,"291,9"
23.05.2022,"291,6"
24.05.2022,"292,1"
25.05.2022,"293,4"
26.05.2022,"293,4"
27.05.2022,290
30.05.2022,"295,3"
31.05.2022,"300,1"
01.06.2022,"303,2"
02.06.2022,"302,7"
03.06.2022,"300,2"
06.06.2022,"300,2"
07.06.2022,"302,2"
08.06.2022,"302,2"
09.06.2022,"302,7"
10.06.2022,"302,4"
13.06.2022,"299,4"
14.06.2022,"293,2"
15.06.2022,"285,5"
16.06.2022,"285,5"
17.06.2022,"281,8"
20.06.2022,"278,7"
21.06.2022,"278,1"
22.06.2022,"278,5"
23.06.2022,"279,7"
24.06.2022,"279,1"
27.06.2022,"280,6"
28.06.2022,"284,9"
29.06.2022,"287,5"
30.06.2022,"285,9"
01.07.2022,"283,1"
04.07.2022,"281,3"
05.07.2022,"281,7"
06.07.2022,"283,4"
07.07.2022,"283,4"
08.07.2022,"285,1"
11.07.2022,"289,3"
12.07.2022,"291,1"
13.07.2022,"288,2"
14.07.2022,"285,6"
15.07.2022,"286,1"
18.07.2022,"282,8"
19.07.2022,"283,9"
20.07.2022,"285,9"
21.07.2022,"290,9"
22.07.2022,"293,3"
25.07.2022,"294,8"
26.07.2022,294
27.07.2022,"294,9"
28.07.2022,"293,1"
29.07.2022,"296,4"
01.08.2022,"298,6"
02.08.2022,"300,5"
03.08.2022,"301,4"
04.08.2022,"299,5"
05.08.2022,"301,2"
08.08.2022,"302,8"
09.08.2022,"301,9"
10.08.2022,"302,5"
11.08.2022,"298,8"
12.08.2022,"302,5"
15.08.2022,"302,5"
16.08.2022,"306,1"
17.08.2022,"308,1"
18.08.2022,"308,6"
19.08.2022,"306,4"
22.08.2022,"307,8"
23.08.2022,"305,7"
24.08.2022,"301,3"
25.08.2022,"300,1"
26.08.2022,"300,2"
29.08.2022,304
30.08.2022,"298,9"
31.08.2022,"297,5"
01.09.2022,296
02.09.2022,"295,6"
05.09.2022,"290,5"
06.09.2022,"293,1"
07.09.2022,"291,4"
08.09.2022,"289,8"
09.09.2022,"291,3"
12.09.2022,"291,9"
13.09.2022,294
14.09.2022,298
15.09.2022,"292,6"
16.09.2022,"290,8"
19.09.2022,"288,2"
20.09.2022,"285,4"
21.09.2022,"285,9"
22.09.2022,"285,1"
23.09.2022,"284,5"
26.09.2022,"281,7"
27.09.2022,"277,4"
28.09.2022,"275,3"
29.09.2022,"274,8"
30.09.2022,"273,9"
03.10.2022,"270,1"
04.10.2022,"270,1"
05.10.2022,"272,4"
06.10.2022,"280,5"
07.10.2022,"280,8"
10.10.2022,"280,7"
11.10.2022,"276,8"
12.10.2022,"274,8"
13.10.2022,"272,5"
14.10.2022,"269,4"
17.10.2022,"272,7"
18.10.2022,"271,3"
19.10.2022,"275,2"
20.10.2022,"278,4"
21.10.2022,275
24.10.2022,"274,7"
25.10.2022,"274,5"
26.10.2022,"274,5"
27.10.2022,"275,3"
28.10.2022,"280,4"
31.10.2022,"280,3"
01.11.2022,"280,3"
02.11.2022,"282,4"
03.11.2022,"283,3"
04.11.2022,"282,5"
07.11.2022,"279,5"
08.11.2022,"281,9"
09.11.2022,"283,3"
10.11.2022,"285,7"
11.11.2022,"281,8"
14.11.2022,"288,7"
15.11.2022,293
16.11.2022,"291,8"
17.11.2022,"293,2"
18.11.2022,"290,5"
21.11.2022,"289,1"
22.11.2022,"291,6"
23.11.2022,"290,5"
24.11.2022,291
25.11.2022,293
28.11.2022,294
29.11.2022,"293,9"
30.11.2022,"291,8"
01.12.2022,293
02.12.2022,"295,8"
05.12.2022,"297,8"
06.12.2022,"296,6"
07.12.2022,"294,5"
08.12.2022,"294,5"
09.12.2022,"290,4"
12.12.2022,291
13.12.2022,"291,6"
14.12.2022,"291,3"
15.12.2022,"293,5"
16.12.2022,293
19.12.2022,"288,4"
20.12.2022,"286,7"
21.12.2022,"285,5"
22.12.2022,284
23.12.2022,288
26.12.2022,288
27.12.2022,"286,1"
28.12.2022,286
29.12.2022,"286,5"
30.12.2022,"284,3"
02.01.2023,"287,1"
03.01.2023,"285,4"
04.01.2023,"287,4"
05.01.2023,"287,1"
06.01.2023,"287,1"
09.01.2023,"290,3"
10.01.2023,"291,4"
11.01.2023,"293,9"
12.01.2023,"294,1"
13.01.2023,"295,9"
16.01.2023,"297,4"
17.01.2023,"298,9"
18.01.2023,"300,2"
19.01.2023,"300,7"
20.01.2023,"300,5"
23.01.2023,297
24.01.2023,"299,7"
25.01.2023,"302,1"
26.01.2023,"301,4"
27.01.2023,"301,7"
30.01.2023,"304,4"
31.01.2023,"304,6"
01.02.2023,"302,7"
02.02.2023,"302,9"
03.02.2023,"305,2"
06.02.2023,"309,6"
07.02.2023,"309,4"
08.02.2023,"307,7"
09.02.2023,"307,8"
10.02.2023,"306,8"
13.02.2023,"307,4"
14.02.2023,"304,5"
15.02.2023,"306,3"
16.02.2023,"306,5"
17.02.2023,"307,4"
20.02.2023,"306,9"
21.02.2023,"305,6"
22.02.2023,305
23.02.2023,302
24.02.2023,"301,2"
27.02.2023,"302,5"
28.02.2023,"299,3"
01.03.2023,"300,3"
02.03.2023,"299,3"
03.03.2023,300
06.03.2023,"301,4"
07.03.2023,"303,8"
08.03.2023,"304,6"
09.03.2023,"302,9"
10.03.2023,"302,3"
13.03.2023,"298,1"
14.03.2023,"292,4"
15.03.2023,"288,5"
16.03.2023,"292,8"
17.03.2023,"288,4"
20.03.2023,"290,9"
21.03.2023,"288,1"
22.03.2023,"288,5"
23.03.2023,"291,8"
24.03.2023,"289,8"
27.03.2023,"292,2"
28.03.2023,"290,3"
29.03.2023,"291,1"
30.03.2023,291
31.03.2023,293
03.04.2023,296
04.04.2023,"298,3"
05.04.2023,"297,1"
06.04.2023,"296,5"
07.04.2023,"296,5"
10.04.2023,"296,5"
11.04.2023,"294,8"
12.04.2023,"295,5"
13.04.2023,"296,5"
14.04.2023,"295,7"
17.04.2023,"297,8"
18.04.2023,"299,2"
19.04.2023,"299,7"
20.04.2023,"299,8"
21.04.2023,"298,9"
24.04.2023,"297,6"
25.04.2023,"297,1"
26.04.2023,"297,3"
27.04.2023,294
28.04.2023,"293,3"
01.05.2023,"293,3"
02.05.2023,"295,9"
03.05.2023,"298,1"
04.05.2023,"295,4"
05.05.2023,"295,9"
08.05.2023,"295,3"
09.05.2023,"298,4"
10.05.2023,"299,5"
11.05.2023,"298,5"
12.05.2023,"298,7"
15.05.2023,"299,4"
16.05.2023,"299,2"
17.05.2023,"300,5"
18.05.2023,"300,5"
19.05.2023,"299,8"
22.05.2023,"302,1"
23.05.2023,"302,7"
24.05.2023,"303,8"
25.05.2023,"301,4"
26.05.2023,"298,2"
29.05.2023,"298,2"
30.05.2023,"298,4"
31.05.2023,"300,2"
01.06.2023,300
02.06.2023,"297,7"
05.06.2023,"299,8"
06.06.2023,"304,9"
07.06.2023,"305,1"
08.06.2023,"305,1"
09.06.2023,305
12.06.2023,"305,5"
13.06.2023,"306,2"
14.06.2023,"307,5"
15.06.2023,"308,8"
16.06.2023,"308,3"
19.06.2023,"309,1"
20.06.2023,"309,2"
21.06.2023,"307,8"
22.06.2023,"305,2"
23.06.2023,"303,4"
26.06.2023,"303,6"
27.06.2023,"301,2"
28.06.2023,"299,8"
29.06.2023,"302,2"
30.06.2023,"303,7"
03.07.2023,304
04.07.2023,"306,7"
05.07.2023,"307,3"
06.07.2023,"307,9"
07.07.2023,"305,6"
10.07.2023,"300,9"
11.07.2023,301
12.07.2023,"301,9"
13.07.2023,303
14.07.2023,"305,1"
17.07.2023,"306,6"
18.07.2023,"306,2"
19.07.2023,"306,1"
20.07.2023,308
21.07.2023,"309,4"
24.07.2023,"308,7"
25.07.2023,"309,3"
26.07.2023,310
27.07.2023,"311,7"
28.07.2023,"312,4"
31.07.2023,"312,4"
01.08.2023,314
02.08.2023,"315,3"
03.08.2023,314
04.08.2023,310
07.08.2023,"308,3"
08.08.2023,"308,5"
09.08.2023,"309,6"
10.08.2023,"307,6"
11.08.2023,"307,2"
14.08.2023,"307,9"
15.08.2023,"307,9"
16.08.2023,"306,1"
17.08.2023,"304,3"
18.08.2023,"302,9"
21.08.2023,"300,2"
22.08.2023,"298,9"
23.08.2023,"299,6"
24.08.2023,"301,1"
25.08.2023,"302,5"
28.08.2023,"301,8"
29.08.2023,"301,7"
30.08.2023,"303,7"
31.08.2023,"305,8"
01.09.2023,"306,9"
04.09.2023,"307,6"
05.09.2023,"308,9"
06.09.2023,"310,1"
07.09.2023,"308,1"
08.09.2023,"306,7"
11.09.2023,"304,5"
12.09.2023,"304,2"
13.09.2023,"305,6"
14.09.2023,"304,5"
15.09.2023,"304,9"
18.09.2023,"307,3"
19.09.2023,"306,1"
20.09.2023,"303,9"
21.09.2023,"302,8"
22.09.2023,"302,6"
25.09.2023,299
26.09.2023,"299,9"
27.09.2023,"298,8"
28.09.2023,297
29.09.2023,"296,4"
02.10.2023,"297,2"
03.10.2023,299
04.10.2023,"297,5"
05.10.2023,"293,3"
06.10.2023,"292,3"
09.10.2023,"292,6"
10.10.2023,"294,9"
11.10.2023,"294,5"
12.10.2023,"297,3"
13.10.2023,"298,8"
16.10.2023,"298,4"
17.10.2023,"294,9"
18.10.2023,"295,4"
19.10.2023,296
20.10.2023,"291,9"
23.10.2023,"288,6"
24.10.2023,286
25.10.2023,"285,2"
26.10.2023,"285,2"
27.10.2023,"285,8"
30.10.2023,"282,5"
31.10.2023,"281,5"
01.11.2023,"281,5"
02.11.2023,"283,4"
03.11.2023,286
06.11.2023,"290,2"
07.11.2023,"293,7"
08.11.2023,"294,7"
09.11.2023,"294,3"
10.11.2023,"294,4"
13.11.2023,"294,8"
14.11.2023,"294,8"
15.11.2023,"294,5"
16.11.2023,"299,7"
17.11.2023,"301,2"
20.11.2023,300
21.11.2023,301
22.11.2023,"302,5"
23.11.2023,"302,3"
24.11.2023,"302,7"
27.11.2023,"302,4"
28.11.2023,"302,7"
29.11.2023,302
30.11.2023,"301,8"
01.12.2023,"303,4"
04.12.2023,305
05.12.2023,"307,5"
06.12.2023,"306,9"
07.12.2023,"306,9"
08.12.2023,"306,9"
11.12.2023,"307,8"
12.12.2023,"309,6"
13.12.2023,"310,3"
14.12.2023,310
15.12.2023,"310,7"
18.12.2023,"316,7"
19.12.2023,"316,3"
20.12.2023,"315,5"
21.12.2023,"317,2"
22.12.2023,"315,9"
25.12.2023,"315,9"
26.12.2023,"315,9"
27.12.2023,"316,8"
28.12.2023,"317,3"
29.12.2023,"318,8"
1 Jahr,"1,127%"
3 Jahre p.a.,229%
5 Jahre p.a.,892%
10 Jahre p.a.,761%
YTD,"1,214%"