Datum;GM1;Vanguard;Nasdaq 100;Pictet Biotech
31.12.2013;181;169,4;224,7;174,5
01.01.2014;181;169,4;224,7;174,5
02.01.2014;182,9;169,4;226,1;177
03.01.2014;183,3;169,9;225,6;177,1
06.01.2014;183,3;169,1;223,4;175
07.01.2014;182,5;170,6;226,3;177,6
08.01.2014;182,1;170,6;227,7;182
09.01.2014;183,2;170,9;226,2;185,5
10.01.2014;183,3;170,2;224,2;189
13.01.2014;183,1;168,3;226,7;185
14.01.2014;182,5;169,7;225,6;189,9
15.01.2014;182,5;171,7;229,7;190,5
16.01.2014;183,9;171,4;229,5;193,5
17.01.2014;184,2;171,3;230,1;194,7
20.01.2014;184,2;171,2;229,5;194,8
21.01.2014;184,3;172;229,6;199,2
22.01.2014;184,4;171,8;231,5;199,4
23.01.2014;184,5;168,9;228;197,3
24.01.2014;183,6;165,3;225,4;191,1
27.01.2014;180,7;164,6;222,6;187
28.01.2014;178,5;165,7;221,4;191,1
29.01.2014;177,8;164,3;221,6;189,6
30.01.2014;178,3;167,1;225,7;195,8
31.01.2014;178,2;167;225,6;194,8
03.02.2014;178,1;162,8;222,8;188,9
04.02.2014;177,3;164,1;222,9;190,7
05.02.2014;175,3;163,6;220,8;187,3
06.02.2014;175,1;164,9;222,9;186,7
07.02.2014;176;166,8;225;193,1
10.02.2014;177,4;166,7;226,9;196
11.02.2014;178,4;168,2;228,4;198,6
12.02.2014;178,9;169,3;231,2;201,7
13.02.2014;180,1;169,3;231,2;202,8
14.02.2014;180,6;169,9;231,7;201,4
17.02.2014;180,8;169,7;232,2;201,3
18.02.2014;181,3;169,3;232;204,2
19.02.2014;182,1;168,2;231,7;202,1
20.02.2014;181,7;169,7;231,7;205,4
21.02.2014;181,4;169;232,8;208,1
24.02.2014;181,6;170,3;233,4;210,5
25.02.2014;182,3;170;233,1;211,9
26.02.2014;182,6;170,8;234,7;211
27.02.2014;182,6;171,5;233,2;211,6
28.02.2014;182,6;170,4;233,5;203,9
03.03.2014;182,2;169,6;230,4;202,2
04.03.2014;181,3;172,6;234,7;207,7
05.03.2014;180,8;172,6;235,1;207,3
06.03.2014;182;171,7;233,8;200,8
07.03.2014;182,8;171,5;231,3;198,6
10.03.2014;182,3;171,2;231,3;199,1
11.03.2014;181,7;170,5;232;197,7
12.03.2014;180,7;170,1;230,6;198,8
13.03.2014;179,9;167,9;229;194,9
14.03.2014;178,4;167,4;227;193,7
17.03.2014;176,8;169;228,8;195
18.03.2014;177,1;170,4;230,6;199,8
19.03.2014;177,8;169,4;230,9;198,2
20.03.2014;178,7;172;232,8;198,4
21.03.2014;179;171,5;231,7;190
24.03.2014;178,5;170,7;226;184,2
25.03.2014;178,7;171,5;227,5;183,9
26.03.2014;178,1;170,2;228,4;181,5
27.03.2014;178,6;170,5;225,2;183,2
28.03.2014;179,3;171;227;178,7
31.03.2014;180,3;172,1;226,7;183,6
01.04.2014;181,4;173,1;229;186,2
02.04.2014;182,5;174;230,9;185,3
03.04.2014;183,5;174,4;231,2;180,7
04.04.2014;183,6;172,6;227,1;173,5
07.04.2014;183,5;170,1;223,1;173,2
08.04.2014;182,8;170,1;222,2;170,8
09.04.2014;181,4;171,6;223,7;176,7
10.04.2014;181,7;167,3;221;166,7
11.04.2014;181,2;165,7;218,3;161,6
14.04.2014;180,1;167,9;219,3;161,9
15.04.2014;179,5;169;217;162,3
16.04.2014;179,4;170,9;220,3;166,8
17.04.2014;179,2;170,8;221,5;166,4
18.04.2014;179,2;170,8;221,5;166,4
21.04.2014;179,2;171,9;221,5;169,1
22.04.2014;180,3;172,7;226;175,1
23.04.2014;180,6;171,9;224,2;171,1
24.04.2014;180,9;172,3;225,6;170
25.04.2014;180,9;170,7;222,4;164,9
28.04.2014;180,6;171,1;221,6;164,3
29.04.2014;179,5;172,3;223,9;169,3
30.04.2014;179,7;172,2;223,4;169,8
01.05.2014;179,7;172,2;223,4;171,3
02.05.2014;180,9;172;225;169
05.05.2014;180,8;172,1;224,8;171,4
06.05.2014;180,8;169,9;223,3;168,4
07.05.2014;180,1;171,1;219,8;166,3
08.05.2014;179,8;171,6;224,4;162,9
09.05.2014;179,8;173,2;223;166,9
12.05.2014;180,8;174,9;227,5;171,4
13.05.2014;181,7;175,6;229,1;170,9
14.05.2014;182,6;174,8;228,5;171,7
15.05.2014;182,7;173,1;225,3;169
16.05.2014;182,3;173,9;225,8;168,4
19.05.2014;181,4;174,4;228,9;169,3
20.05.2014;181,2;173,5;229,5;166,8
21.05.2014;181,1;175,4;230;167,3
22.05.2014;181,5;175,9;232,7;171,1
23.05.2014;182;177;233,8;171,4
26.05.2014;183,1;176,7;235;171,1
27.05.2014;183,7;178,2;236,4;175,5
28.05.2014;184,5;178,3;238;175,7
29.05.2014;184,5;179;238,2;176
30.05.2014;185;179;238,2;175,3
02.06.2014;185,4;179,6;238,4;175,1
03.06.2014;185,7;179,4;237,6;175,6
04.06.2014;185,9;179,7;238,8;178,5
05.06.2014;185,9;181;240,1;180,3
06.06.2014;186,2;181,5;241,7;179,9
09.06.2014;186,2;182,3;243,1;182,2
10.06.2014;187,3;182,9;243,8;183,8
11.06.2014;188;182,4;244,1;183,4
12.06.2014;188,4;180,9;242,9;183,8
13.06.2014;187,9;181,8;242,5;183,2
16.06.2014;187,8;181,4;241,1;183,1
17.06.2014;187,6;182,1;242,5;183,1
18.06.2014;187,1;183,2;242;186
19.06.2014;187,1;182,6;242,4;185,7
20.06.2014;188,2;183,7;243,3;186,5
23.06.2014;188,6;183,4;242,8;186,7
24.06.2014;188,2;182,2;245,5;189,3
25.06.2014;187,5;182,6;243,1;188,6
26.06.2014;187,4;183;243,9;189,8
27.06.2014;186,9;182,7;244,4;189,3
30.06.2014;186,8;181,9;244,8;188,5
01.07.2014;186,7;183,3;247,4;191,8
02.07.2014;187,3;183,8;248,4;193,4
03.07.2014;188,1;185,4;250,3;194,7
04.07.2014;188,8;185,7;250,8;195
07.07.2014;189,7;184,9;250,1;190,5
08.07.2014;189,5;183,4;246,5;185,9
09.07.2014;188,3;183,9;247,7;187,3
10.07.2014;187,3;183,6;247,9;186,6
11.07.2014;186,6;183,9;249;187,7
14.07.2014;185,9;184,4;250,9;187,1
15.07.2014;186;184,9;250,3;183,5
16.07.2014;186,8;186,1;252,6;182,4
17.07.2014;187;184,2;251,2;178,2
18.07.2014;187,3;186,2;252;183,7
21.07.2014;187,1;185,6;252,6;183,3
22.07.2014;186,9;187,3;255,8;186,5
23.07.2014;186,7;187,6;257,5;191,1
24.07.2014;187,7;187,7;257,7;188,6
25.07.2014;187,8;187,3;255,9;188,4
28.07.2014;188,4;187,2;256,5;187,2
29.07.2014;188,1;186,8;256,6;190,6
30.07.2014;187,9;187,3;258,2;192,9
31.07.2014;188,3;183,5;254,1;188,6
01.08.2014;187,4;182,3;251,1;186,9
04.08.2014;186,3;183,7;252,3;188
05.08.2014;185,4;182,7;253,5;189,2
06.08.2014;185;182,9;253,4;189,3
07.08.2014;185,1;182;253;187
08.08.2014;184,2;183,2;251;187,9
11.08.2014;183,2;184,1;255;189,1
12.08.2014;183,4;184,2;254;189,2
13.08.2014;184,6;185,2;257,1;192,8
14.08.2014;184,9;186;257,4;192,8
15.08.2014;184,9;185,9;257,7;197
18.08.2014;185,8;187,8;261,8;199,4
19.08.2014;185,7;189,4;263,6;199,8
20.08.2014;186,7;190,3;265;199,3
21.08.2014;187,6;190,9;265,2;197,1
22.08.2014;187,7;191,3;266,9;199,1
25.08.2014;188;192,7;269;204,4
26.08.2014;188,6;192,9;268,9;206,9
27.08.2014;189,2;192,9;268,9;206,5
28.08.2014;189,9;193;268,8;205,3
29.08.2014;189,8;193,7;270,5;207,1
01.09.2014;189,3;194,2;270,9;207,7
02.09.2014;189,7;194,3;271,5;207,1
03.09.2014;190,1;194;270,4;207
04.09.2014;189,9;196,2;274,8;205,8
05.09.2014;190,6;197,3;272,9;204,6
08.09.2014;192,4;196,9;276,1;206,5
09.09.2014;192,4;196,1;275,6;204,6
10.09.2014;192,2;196,8;274,9;208,6
11.09.2014;191,7;196,7;274,9;207,6
12.09.2014;191,5;195,6;274,3;205,7
15.09.2014;191;195,4;271,3;202,1
16.09.2014;191,1;196,8;272;204,3
17.09.2014;190;196,8;273,3;205,7
18.09.2014;189,8;198,4;276,3;207,9
19.09.2014;190,6;199,5;278,1;209,3
22.09.2014;191,3;198,2;275,6;207,4
23.09.2014;191;196,5;275,1;206,6
24.09.2014;189,6;199;278;213,6
25.09.2014;189,6;196,6;275,4;210,9
26.09.2014;189,7;199,1;275,6;214,1
29.09.2014;189,2;198,7;277,5;214
30.09.2014;189,1;199;280,9;212,4
01.10.2014;188,9;197;277,3;211,4
02.10.2014;188,1;196,1;272,2;209,8
03.10.2014;185,6;200,5;272,2;215,6
06.10.2014;185,9;199,3;278,8;212,1
07.10.2014;185,5;195,4;274,9;207,4
08.10.2014;185,1;197,9;272,4;211,4
09.10.2014;183,7;193,4;276,8;206,1
10.10.2014;182,8;192,5;270,4;203,1
13.10.2014;182,3;188,6;265,3;198,3
14.10.2014;180,8;189,1;264,4;197,3
15.10.2014;180,1;186,2;256,5;198,2
16.10.2014;180;185,9;256,3;200,9
17.10.2014;177,4;188,5;262,4;203,6
20.10.2014;177,1;190;261,7;207,3
21.10.2014;179,3;194,5;270,1;213,3
22.10.2014;180,8;194,1;274,5;212,7
23.10.2014;182;196,7;276,7;219,1
24.10.2014;183,2;197,8;276,7;221,4
27.10.2014;184,4;196,9;276,9;222,7
28.10.2014;184,1;198,6;279;224,4
29.10.2014;184,2;198,2;279,2;222,2
30.10.2014;184,8;201,6;282,3;230,5
31.10.2014;186,2;205,5;288,7;232
03.11.2014;188,6;206,2;290,9;232,5
04.11.2014;190,1;204,2;287,4;228,9
05.11.2014;189,9;206,8;290,3;226,5
06.11.2014;189,6;208,5;291,6;231,7
07.11.2014;189,8;208,9;292;230,2
10.11.2014;190,6;209,1;293,1;233,4
11.11.2014;190,2;209,5;292,8;234,1
12.11.2014;191,3;208,6;293,2;233,6
13.11.2014;191,4;208,8;294;231,9
14.11.2014;191,2;208,7;295;227
17.11.2014;191,1;209,3;293,8;227,9
18.11.2014;190,8;209,1;294,6;230,2
19.11.2014;191,5;208,7;293,2;229,1
20.11.2014;191,9;209,1;295,6;230
21.11.2014;191,7;212,4;299,7;233,3
24.11.2014;193,2;212,6;299,7;237,9
25.11.2014;194,7;211,5;300,2;236,4
26.11.2014;195,2;211,4;300,4;238,1
27.11.2014;195,8;212,2;302,6;239
28.11.2014;195,4;211,9;305;239,3
01.12.2014;195,8;210,3;299,9;236,2
02.12.2014;194,8;212,9;302,7;243,8
03.12.2014;195;215,2;305;246,1
04.12.2014;196,1;212,9;301,9;242,6
05.12.2014;196,3;215,7;306,1;248,5
08.12.2014;196,3;214,3;305,8;250,7
09.12.2014;196,2;211,9;299,1;250,9
10.12.2014;195,6;208,6;300,1;245,4
11.12.2014;193,1;210,2;302,2;245,7
12.12.2014;191,9;205,4;296;241,6
15.12.2014;190,7;204,8;291,7;234,3
16.12.2014;188,9;201,6;292,5;229,7
17.12.2014;186,4;207,7;289,4;240,5
18.12.2014;186,6;214,7;300,1;250,5
19.12.2014;189,3;215,9;305,8;253,2
22.12.2014;191,7;216,9;305,7;249,4
23.12.2014;193,1;218,7;307,2;238,2
24.12.2014;193,1;218,4;307,2;237,9
25.12.2014;193,1;218,4;307,2;237,9
26.12.2014;193,1;219,5;307,2;247,5
29.12.2014;193,6;219,5;309,5;248,5
30.12.2014;194,9;218,8;309,3;245,4
31.12.2014;194,9;217,7;309,3;246,5
01.01.2015;194,9;217,7;309,3;246,5
02.01.2015;194;218,9;306,3;250,6
05.01.2015;194,1;216,6;305,8;253,6
06.01.2015;194,1;214,9;301,6;249,3
07.01.2015;192;219,6;306,2;260,4
08.01.2015;192;223,8;313,2;263,3
09.01.2015;194;221,1;310,3;261,7
12.01.2015;194,7;219,6;308,9;264,4
13.01.2015;194,3;219,7;314,2;265,8
14.01.2015;194,5;218,4;305,5;265,9
15.01.2015;194,4;220,1;310,2;265,5
16.01.2015;194,8;224,8;311;273,7
19.01.2015;196,7;222,2;310,7;270,6
20.01.2015;197,5;223,7;311,9;275,8
21.01.2015;198,1;224,5;316,6;272,5
22.01.2015;198,7;231,3;323,8;277,3
23.01.2015;199,6;233,5;331,2;282,9
26.01.2015;203,2;233,9;329,8;286,5
27.01.2015;204,6;227,9;320,9;281,7
28.01.2015;204,5;226;322,9;277,5
29.01.2015;203,1;228,2;318,6;280,7
30.01.2015;202,9;226,3;323,1;281,5
02.02.2015;202,1;228,1;320,7;277
03.02.2015;201,9;229,2;318;272,8
04.02.2015;202,5;228,8;323,9;268,6
05.02.2015;202,9;231,1;324,6;274,2
06.02.2015;204;232,1;328,6;273,5
09.02.2015;204;231,3;325,9;272,2
10.02.2015;204,3;234;328,5;276,1
11.02.2015;204,2;234,4;332,1;275,8
12.02.2015;204,5;235,3;331,8;276,9
13.02.2015;205,1;235,7;333,9;278,1
16.02.2015;206;235,6;336,6;278,1
17.02.2015;207,2;236,2;336,1;281,4
18.02.2015;207,6;236,9;337,4;286,4
19.02.2015;208,6;236;338,5;287,9
20.02.2015;209,3;238;340;291,8
23.02.2015;210,4;238,2;342,5;295,8
24.02.2015;210,5;239,2;343,5;293,8
25.02.2015;211,2;238,6;342,7;296,9
26.02.2015;211,7;241,4;347,4;301,5
27.02.2015;212,1;240,6;347,2;298,5
02.03.2015;213,4;242,5;350;301,3
03.03.2015;213,9;241,7;346,6;301,5
04.03.2015;214,3;243,2;350,8;306,7
05.03.2015;213,4;244,3;353,2;312
06.03.2015;214,2;244,6;355,8;312,8
09.03.2015;214,7;245,9;354,4;312,8
10.03.2015;215;244,9;354,1;316,1
11.03.2015;214,1;247,5;357,5;321,2
12.03.2015;214,1;249,7;356,8;322,2
13.03.2015;216;250,4;357,7;326,7
16.03.2015;216,6;252,4;359,2;332,2
17.03.2015;217,7;251;360,4;333,6
18.03.2015;217,8;253,1;358,6;331,8
19.03.2015;218,3;252,4;364;338,8
20.03.2015;218;250,6;360,3;335,1
23.03.2015;219,2;247,1;356,4;324,3
24.03.2015;219,2;246,1;356,6;322,1
25.03.2015;218,6;240,7;347,4;307,4
26.03.2015;218,4;241,7;345,8;308,8
27.03.2015;216,9;242,9;346,3;317,2
30.03.2015;217;247,3;353,1;321,8
31.03.2015;217,5;247,2;355,4;317,1
01.04.2015;218,4;245,8;349;313,6
02.04.2015;217,9;243,8;347,4;310
03.04.2015;217,9;243,8;347,4;310
06.04.2015;217,9;242,1;347,4;304,6
07.04.2015;219,3;245,4;352,3;312
08.04.2015;219,9;247,7;353,5;319,6
09.04.2015;221,1;251,5;357,7;323,1
10.04.2015;222,8;254;364;328,3
13.04.2015;225,2;254,2;366,7;332
14.04.2015;226,3;251,7;359,7;327,3
15.04.2015;226,4;255;363,1;331,8
16.04.2015;225,9;252,6;360,2;329,7
17.04.2015;225,3;248,1;353,2;321,9
20.04.2015;223,6;250,8;358,9;325,1
21.04.2015;223,4;250,7;360,8;329,4
22.04.2015;223,9;252,4;362,1;328
23.04.2015;224,5;251,2;360,9;328,8
24.04.2015;224,9;250,3;365;322,6
27.04.2015;224,4;248,9;365,1;310,7
28.04.2015;224,7;247,4;360,6;303,8
29.04.2015;224,1;242,7;352,3;299,1
30.04.2015;222,9;239,1;348,3;289,2
01.05.2015;222,9;241,3;348,3;296,2
04.05.2015;219,6;243,4;352,1;299,7
05.05.2015;219;239,9;345,3;292,1
06.05.2015;218,8;235,4;338,8;297
07.05.2015;217,2;238,3;341,2;302
08.05.2015;215,7;242,4;347,6;310,8
11.05.2015;217,4;242,7;349,4;312,9
12.05.2015;219;239,9;344,2;311
13.05.2015;219,1;237,6;341,7;308,1
14.05.2015;219,1;239,6;345;309,5
15.05.2015;218,7;238,6;343,5;307,5
18.05.2015;218,9;240,9;347,6;315,4
19.05.2015;219;245,9;354,3;320
20.05.2015;220,7;246,3;355,5;323,4
21.05.2015;222,5;246,4;356,5;322,8
22.05.2015;222,7;248,1;359,5;325,4
25.05.2015;222,7;248,1;359,5;325,4
26.05.2015;223,3;248,4;360,1;326,9
27.05.2015;223,9;251,2;363,5;333,2
28.05.2015;224,1;249,9;364,1;330,1
29.05.2015;223,7;247,3;359,9;328,6
01.06.2015;222,9;249,3;361,9;329,3
02.06.2015;222,1;243,9;354,9;321,8
03.06.2015;220,7;241,5;352,3;320,2
04.06.2015;220,7;239,1;349,7;317,1
05.06.2015;221,3;242,4;352,9;325,4
08.06.2015;218,5;238,9;347,6;321,4
09.06.2015;217,7;238,1;343,8;317,7
10.06.2015;215,5;239,8;347,4;319,8
11.06.2015;215,2;241,7;350,1;324
12.06.2015;216,8;239,3;346,4;320
15.06.2015;217,8;238,5;344;320,7
16.06.2015;216,9;240,2;346,3;320,9
17.06.2015;215,2;240,7;347,3;322,6
18.06.2015;214,8;239,5;348;326,9
19.06.2015;214,9;239,8;350;328,9
22.06.2015;215,1;239,8;350,3;326,9
23.06.2015;215,8;244,6;355,2;339,2
24.06.2015;217,7;242,8;356,4;333,4
25.06.2015;219,8;241,9;355,3;332,1
26.06.2015;219,1;242,9;353,3;331,4
29.06.2015;218,5;237,7;346,6;322,3
30.06.2015;216,4;238,5;345,4;329,5
01.07.2015;213,4;241,1;350;331,4
02.07.2015;214,5;240,9;349,1;331,2
03.07.2015;215,6;241;349,3;331,4
06.07.2015;214,7;240,7;350,1;334,3
07.07.2015;214,1;245,2;347,4;337,5
08.07.2015;212,7;238,4;346,3;325,4
09.07.2015;209,2;239,3;348,5;329,3
10.07.2015;208,9;239,5;347,2;331
13.07.2015;210,3;245,8;356,3;341,4
14.07.2015;214,3;247,1;360,1;348,5
15.07.2015;216,3;247,9;363;353,7
16.07.2015;217;251,1;368,4;360,8
17.07.2015;218,4;252,5;374,9;364,9
20.07.2015;219,9;252,5;377,4;365
21.07.2015;220;249,8;374,5;359
22.07.2015;220;250,2;371,6;361,6
23.07.2015;218,6;246,8;369,5;358,6
24.07.2015;218;244,5;367,8;342
27.07.2015;217;240,1;356,8;334,3
28.07.2015;215,1;244,5;359,5;343,4
29.07.2015;212,9;246,4;363,2;339,5
30.07.2015;213,9;248,8;367,1;343,8
31.07.2015;215,7;245,5;365,2;342,9
03.08.2015;215,6;246,5;367,5;346,9
04.08.2015;216,1;246,2;364,5;349,9
05.08.2015;216,5;249,2;373,4;354,2
06.08.2015;217,8;246,3;365,1;339
07.08.2015;217,8;245;359,5;335,4
10.08.2015;217,1;247,2;364,4;337,1
11.08.2015;217,1;243,4;358,6;330
12.08.2015;216,8;240,6;349,7;328
13.08.2015;213,9;241,6;357;327,4
14.08.2015;211,8;242,9;355,5;325,7
17.08.2015;212;245;360;334,3
18.08.2015;212,7;245,3;362;331,8
19.08.2015;212,6;242,8;356,2;329,3
20.08.2015;211,6;234,6;346,5;313,1
21.08.2015;208,7;224,9;330;300
24.08.2015;204,1;211,1;309,3;279,9
25.08.2015;197,3;211,3;321,7;285,8
26.08.2015;193,1;219,7;313,7;299,6
27.08.2015;196,3;228,8;335,4;311,5
28.08.2015;198,3;228,9;339,9;313,8
31.08.2015;201,8;227,3;337;305,2
01.09.2015;202,1;219,5;328,3;296,3
02.09.2015;199,5;224,1;327,2;308,2
03.09.2015;197,3;227,1;338,1;306
04.09.2015;198,2;223,2;330,1;305
07.09.2015;198,8;222,4;331,4;303,8
08.09.2015;197,2;227,4;334,8;315,5
09.09.2015;197,9;224,6;339,4;306,5
10.09.2015;199,9;224,7;333,6;312,7
11.09.2015;200;224,5;331,7;316,2
14.09.2015;198,9;223,5;333,3;314,8
15.09.2015;198,1;226,7;338,1;319,3
16.09.2015;198,6;228,3;339,3;315,4
17.09.2015;199,6;227,3;340,5;321,1
18.09.2015;200,4;222,4;336,1;315,6
21.09.2015;199,4;227,1;341;306,8
22.09.2015;198,5;225,5;334,4;303,4
23.09.2015;198,7;224,8;335,9;301,9
24.09.2015;195,8;221,2;327,3;292,2
25.09.2015;195;223,4;336;281,7
28.09.2015;194,6;217;323,7;265,5
29.09.2015;195,1;217,1;321;263,2
30.09.2015;192,2;222,4;327,3;275,1
01.10.2015;192,9;222;325,5;276,4
02.10.2015;195,3;223,8;326,1;278
05.10.2015;195,3;229,2;336,9;278,6
06.10.2015;197,4;227,3;334,3;268,1
07.10.2015;199,7;229,7;334,2;274,1
08.10.2015;200,6;230,9;334,2;271,9
09.10.2015;201,2;229,5;337;271,5
12.10.2015;201,4;229,4;338,4;270,4
13.10.2015;202,2;227,9;338,4;262
14.10.2015;201,9;225,6;332,6;262,1
15.10.2015;200,2;229,9;336,8;275
16.10.2015;200,6;231,2;342,4;274,6
19.10.2015;202,6;232,6;345,5;277,5
20.10.2015;203;231,6;343,8;269,2
21.10.2015;202,7;230;344,5;267,7
22.10.2015;202,9;237,9;352,2;273,5
23.10.2015;203,5;243,3;367,1;282,5
26.10.2015;203,5;242,5;367,8;283,8
27.10.2015;207,7;241,9;367,6;291,6
28.10.2015;208;244,4;368,9;295,4
29.10.2015;207,7;246,7;373,8;295
30.10.2015;208,8;243,6;371,9;291,9
02.11.2015;207,9;246,7;372,6;303,2
03.11.2015;208,3;249,3;377,4;306,4
04.11.2015;209,1;250,5;380,1;309,7
05.11.2015;210;250,2;378,9;306,9
06.11.2015;210,3;253;383,8;308,9
09.11.2015;210;250,4;377,8;309,1
10.11.2015;210,3;252,1;380,5;312,2
11.11.2015;209,6;250,4;380,2;306,8
12.11.2015;209,7;246,4;377,1;299,6
13.11.2015;209,1;244,1;371,6;301,8
16.11.2015;206,4;248,1;369,2;303
17.11.2015;206,4;249,4;379,3;308,4
18.11.2015;207,2;253,5;381,2;317,2
19.11.2015;209,6;251,1;381,1;309,6
20.11.2015;209,8;253,7;386,6;311,4
23.11.2015;211,4;254,6;388,8;315,2
24.11.2015;211,6;254,4;384,5;314,4
25.11.2015;211,6;255,3;387,3;317,9
26.11.2015;210,9;254,9;389,3;317,4
27.11.2015;211,9;255,7;389;320,1
30.11.2015;212,5;255,3;388,4;314,6
01.12.2015;211,7;256,9;388,7;314,2
02.12.2015;212,6;255;392,6;313,6
03.12.2015;212,3;244,9;376,7;295,2
04.12.2015;211,5;249,1;377,7;301,8
07.12.2015;208,2;248,2;379,4;297,3
08.12.2015;208,2;246,1;378,6;301,3
09.12.2015;207,6;242,2;373,3;293,7
10.12.2015;205,1;243,3;373,1;297,5
11.12.2015;204,4;237,3;364,9;288,5
14.12.2015;203;237,8;357,5;286,8
15.12.2015;201;242,7;371,3;298,7
16.12.2015;200,3;245,7;370;305,9
17.12.2015;203,6;244,5;376;304,6
18.12.2015;204;239,9;369,8;302
21.12.2015;203,9;240,2;363,8;303,8
22.12.2015;203,4;241,2;366,3;301,4
23.12.2015;203;246,2;372,5;303,9
24.12.2015;203;244;372,5;306,9
25.12.2015;203;244;372,5;306,9
28.12.2015;204,2;243,2;367,6;302
29.12.2015;204,4;247,3;377,7;308,7
30.12.2015;205;245,4;377,1;306,8
31.12.2015;205;244,2;377,1;306,3
01.01.2016;205;244,2;377,1;306,3
04.01.2016;205,6;241,8;363,1;298,2
05.01.2016;204;244,2;368,8;300
06.01.2016;204;240,4;364,9;293,7
07.01.2016;201;232,9;354,7;279,8
08.01.2016;198,5;228,8;345,6;273,4
11.01.2016;195,6;230,1;343,7;264,9
12.01.2016;194,1;232,5;349,2;268,6
13.01.2016;193,2;226,2;350,8;252,7
14.01.2016;193,3;230,2;340,8;261,3
15.01.2016;192,4;222,9;332;252,2
18.01.2016;189,9;224,5;334,6;254
19.01.2016;187,8;224,1;335,7;247,8
20.01.2016;187,6;221,6;327;254,3
21.01.2016;186,3;224,2;338;252,6
22.01.2016;184,1;228,8;343,9;261,7
25.01.2016;187,3;225;344,4;257,2
26.01.2016;189;227,9;342;253,9
27.01.2016;189,2;225;339,3;245,9
28.01.2016;189,8;224,8;333,2;234,4
29.01.2016;189,4;232,9;343,8;239,3
01.02.2016;190,7;231,2;345,4;239,7
02.02.2016;192,6;226,8;342,9;231,9
03.02.2016;191,2;224,9;328,5;230,9
04.02.2016;189,4;222,8;327;230,2
05.02.2016;187,6;219,2;320,1;222,1
08.02.2016;187;216,1;308,3;213,4
09.02.2016;186,1;212,9;307,5;210,1
10.02.2016;182,2;215,1;313,8;215
11.02.2016;180,5;209,7;302,5;209,3
12.02.2016;179,9;215,7;314,8;218,1
15.02.2016;179,2;217,6;322,2;220
16.02.2016;182,1;221,2;321,6;226,9
17.02.2016;184,4;225,1;330,2;234,5
18.02.2016;185,5;224,7;331,3;229,3
19.02.2016;188,2;224,6;330,1;231,8
22.02.2016;188,3;229,5;337,4;234,4
23.02.2016;189,3;226,7;333,7;223,8
24.02.2016;190,3;227,8;327,8;224,1
25.02.2016;189,3;230,2;335,2;223,7
26.02.2016;188,3;232;341,6;226,2
29.02.2016;189,4;231,4;345,3;223,5
01.03.2016;190,7;237,1;348,4;233,8
02.03.2016;192,3;238,8;350,6;238,9
03.03.2016;194,6;237,3;345,7;233,6
04.03.2016;195,9;236,5;346,9;231,5
07.03.2016;196,8;237,2;345,8;237,9
08.03.2016;197,4;233,1;341,8;228
09.03.2016;196;235,2;342,5;224,8
10.03.2016;195,4;232,4;335,7;219,9
11.03.2016;195,8;236;342,1;225,5
14.03.2016;194,9;236,8;346,8;226,8
15.03.2016;197,4;236,3;345,8;219,3
16.03.2016;197,5;238,4;348,2;218
17.03.2016;197,7;234,8;342,9;211,5
18.03.2016;196,8;236,4;344,6;217,2
21.03.2016;197,1;237,3;345,8;221,3
22.03.2016;198,3;237,8;348,6;227,9
23.03.2016;198,8;237,4;348,3;220,1
24.03.2016;198,4;237,5;346;220,3
25.03.2016;198,4;237,5;346;220,3
28.03.2016;198,4;236,6;346;219,4
29.03.2016;197,6;239,3;347,5;222,9
30.03.2016;197;236,8;349,1;218,1
31.03.2016;197,7;235,5;347,8;222,2
01.04.2016;198;238;349,6;229,3
04.04.2016;197;236,5;349,6;230,8
05.04.2016;196,6;234,3;346,5;231,4
06.04.2016;195,6;236,8;348,9;243,9
07.04.2016;194,6;233,8;347,8;239,2
08.04.2016;195;233,9;346,1;235
11.04.2016;195;232,6;345,8;230
12.04.2016;196;236,2;346,7;234,9
13.04.2016;196,9;240,6;355,6;240,6
14.04.2016;199,2;241,1;357;241,7
15.04.2016;201,4;240,1;355,4;240,3
18.04.2016;201,3;241;354,2;242,4
19.04.2016;201,1;240,7;352,1;239
20.04.2016;202,2;241,8;354,7;240,6
21.04.2016;203,2;241,5;354,8;246,9
22.04.2016;203,8;242,6;349,1;248,2
25.04.2016;204,2;241,5;348,7;246,1
26.04.2016;203,5;241,2;347,2;241,1
27.04.2016;202,8;241,5;343,1;238,1
28.04.2016;203;239,2;346,2;236,8
29.04.2016;202,6;235,1;331,8;228,1
02.05.2016;201,8;235,7;332,7;229,1
03.05.2016;200,9;233,6;331,6;224,2
04.05.2016;199,5;232,7;330,6;224,7
05.05.2016;199,5;234,6;334,5;220,5
06.05.2016;197,3;234,9;331,4;219
09.05.2016;197,8;235,6;335,8;225,5
10.05.2016;197,7;238,6;339,4;228,3
11.05.2016;198,1;235,6;338,7;221,4
12.05.2016;199;236,2;334,9;218
13.05.2016;198,8;236,4;340,5;220
16.05.2016;198,8;238;340,5;227,5
17.05.2016;198,5;235,8;339,6;224,4
18.05.2016;199,4;237;340,3;228,8
19.05.2016;199,7;237,7;337,8;227,4
20.05.2016;199,5;239;344,9;231,6
23.05.2016;198,9;238,8;344,2;234
24.05.2016;199,7;242,9;350,8;239,2
25.05.2016;200,1;244,9;353,8;241,9
26.05.2016;200,1;244;354,1;239,3
27.05.2016;203,1;246,3;357,8;242,1
30.05.2016;203,1;246,1;358,5;242
31.05.2016;203,6;246;358,2;244,7
01.06.2016;204,1;245,5;356,8;244,9
02.06.2016;203,5;246,4;356,8;250,1
03.06.2016;202,7;242;350,4;242,5
06.06.2016;203,6;242,4;351,6;244,1
07.06.2016;202,7;243;352,1;238,6
08.06.2016;203,5;243;350,3;237,2
09.06.2016;204,9;244,1;351,4;234,4
10.06.2016;204,6;242,4;350,3;230
13.06.2016;203,6;240,5;347,4;226,5
14.06.2016;200,8;242;346,7;227,1
15.06.2016;198,6;241;347,1;226,3
16.06.2016;197,6;243,7;347;227,2
17.06.2016;197,8;240,7;342,5;220,9
20.06.2016;196,8;240,2;346,7;221,2
21.06.2016;198,1;242,3;345,3;219,3
22.06.2016;200,6;241,7;346,9;219,1
23.06.2016;201,1;243,4;345,4;223,4
24.06.2016;201,6;239,6;343,7;216,9
27.06.2016;201,4;238,3;336,7;213,5
28.06.2016;196,4;240,9;339,9;219,6
29.06.2016;193,6;243,9;346;224,9
30.06.2016;196,1;247,1;349,6;226,4
01.07.2016;197,9;247,1;352;230,2
04.07.2016;199,8;246,9;351,7;230,1
05.07.2016;200,9;245,9;350,6;228,8
06.07.2016;200;248,1;352,7;234,4
07.07.2016;199,5;247,9;355,3;236,2
08.07.2016;198,7;252,5;361;239,7
11.07.2016;199,9;253,1;364,9;239
12.07.2016;202,5;254,4;365,8;240,7
13.07.2016;204,5;253,6;363,3;235,8
14.07.2016;205,9;255;365,1;236,6
15.07.2016;205,9;255,5;366,4;240,3
18.07.2016;206,5;256,2;368,4;241,3
19.07.2016;207,1;257,1;369,6;239,8
20.07.2016;207,2;258,3;373,7;245,7
21.07.2016;207,5;257,6;373,9;248,5
22.07.2016;207,9;259,3;375,1;249,9
25.07.2016;208,1;258,6;375;250,7
26.07.2016;208,2;258,4;374,7;249,5
27.07.2016;208,2;258;377,6;254,8
28.07.2016;208,9;256,2;374,7;253,1
29.07.2016;209;254,4;374,6;252,8
01.08.2016;208,9;254,3;376,4;256,2
02.08.2016;209;251,5;370,1;255,2
03.08.2016;208,1;253,5;372,8;258,6
04.08.2016;206,6;254,4;376,3;257
05.08.2016;207,6;258,1;382,9;258,9
08.08.2016;208,3;257,8;381,3;255,3
09.08.2016;210,2;257,1;382,3;253,6
10.08.2016;210,9;255,2;377,5;247,5
11.08.2016;211,4;256,1;380,4;249,7
12.08.2016;212,1;255,9;379,7;249,7
15.08.2016;212,1;256,2;381,7;252,3
16.08.2016;213;253,4;376,8;247,1
17.08.2016;211,6;253,6;374,7;246,7
18.08.2016;210,8;253;375,3;245,2
19.08.2016;209,8;252,7;375,9;244,7
22.08.2016;210,1;252,5;374,6;250,2
23.08.2016;209,6;253,1;377;250,6
24.08.2016;209,2;253,4;378,1;244,5
25.08.2016;209,8;252,4;375,6;241,1
26.08.2016;209,8;252;377,9;243,2
29.08.2016;209,1;255,9;379,4;244,7
30.08.2016;210,3;255,8;378,6;244,3
31.08.2016;210,2;255,5;378,2;242,5
01.09.2016;210,4;254,3;376,5;241,6
02.09.2016;210,2;256;380,5;241,9
05.09.2016;210,8;256,4;379,9;242,2
06.09.2016;212,3;255,1;378,9;243,3
07.09.2016;212,8;255;379,8;244,1
08.09.2016;212,6;253,7;377,5;244,9
09.09.2016;212,8;248,9;374,3;238,4
12.09.2016;212,1;252,4;372,3;244,9
13.09.2016;210,6;248,2;370,7;240,3
14.09.2016;209,2;247,9;373,7;242,9
15.09.2016;208,2;250,5;378,2;246,5
16.09.2016;207,7;251,4;380,8;247,8
19.09.2016;208,2;251;381,8;247,6
20.09.2016;208,4;251,3;380,7;250,5
21.09.2016;209,2;254,8;381,6;252,5
22.09.2016;210;254,1;384,7;251,9
23.09.2016;210,7;253,1;384,8;251,4
26.09.2016;212,2;249,9;378,2;246,7
27.09.2016;210,9;253,1;383,4;251,2
28.09.2016;210;254,6;383,7;249,1
29.09.2016;210,4;251,4;381,9;243,2
30.09.2016;210,9;253,2;384,1;245,1
03.10.2016;211;252,8;384,1;245,2
04.10.2016;210,8;253;386,9;245,8
05.10.2016;211,3;253,2;385,7;246,8
06.10.2016;211,5;254;385,1;241,8
07.10.2016;211,6;253;385,4;242
10.10.2016;211,5;254,6;388,9;244,8
11.10.2016;210,8;253,7;387;239,2
12.10.2016;211,5;255;387,9;234,7
13.10.2016;211,3;253,8;383,7;235,2
14.10.2016;210,4;254,5;388,1;231,9
17.10.2016;210,1;254;386,4;232
18.10.2016;210,5;256;390,5;235,5
19.10.2016;210,9;256,7;390,4;233,9
20.10.2016;212,3;257,4;390,1;237
21.10.2016;212,9;258,7;394,5;235,7
24.10.2016;213,7;259,6;398,4;233,9
25.10.2016;214;259,2;398,2;232,9
26.10.2016;214;257,3;395,3;231,5
27.10.2016;214,2;256,6;393,4;232,5
28.10.2016;213,1;255,5;391,7;228,3
31.10.2016;212,6;254,7;389;224,3
01.11.2016;212,6;251,1;382,3;222,7
02.11.2016;212,4;247,8;377,8;219,8
03.11.2016;210,3;247,3;374,7;214,3
04.11.2016;209;246,3;373,5;218,6
07.11.2016;208;253,8;382,6;227,5
08.11.2016;208,4;254,6;384,4;228,1
09.11.2016;210,1;259,7;390,3;250,6
10.11.2016;209,9;261,9;385,2;256,5
11.11.2016;211;262,1;386,4;255,3
14.11.2016;210,9;265,3;388,1;261,8
15.11.2016;210,3;267,2;392,8;259,7
16.11.2016;210,9;268,2;397,6;257,1
17.11.2016;211,5;269,4;400;259,1
18.11.2016;211,5;271,4;402,5;258,9
21.11.2016;212,3;272,2;404,8;259,2
22.11.2016;212,4;273,6;406,2;255,2
23.11.2016;212,7;275,3;405,4;259
24.11.2016;213,2;274,5;407,3;258,3
25.11.2016;213,6;274,5;406,8;258,3
28.11.2016;213,5;273,6;407,6;254,3
29.11.2016;213,9;273,1;408,3;254,3
30.11.2016;213,3;272,7;406,3;248,9
01.12.2016;213;271,7;396,1;244,8
02.12.2016;213,1;270,5;394,6;244,4
05.12.2016;212,5;270,5;395,1;244,5
06.12.2016;211,8;271,2;394;246,3
07.12.2016;213;274;394,3;237,9
08.12.2016;213;278,6;405,9;242,7
09.12.2016;216,4;282,2;410,9;244,8
12.12.2016;218,8;280;407,2;241
13.12.2016;218,3;281;412,2;241,1
14.12.2016;218,2;278,4;410,6;241,5
15.12.2016;218,1;285,9;422,2;249,5
16.12.2016;218,6;285,6;418;249,7
19.12.2016;218,9;285,4;419,9;245,6
20.12.2016;219,2;288,1;422,6;249,4
21.12.2016;219,6;285,9;420,5;245
22.12.2016;219,4;284,7;418,1;243,5
23.12.2016;218,8;285;417,8;248,9
26.12.2016;218,8;285;417,8;248,9
27.12.2016;218,5;285,7;422;248,6
28.12.2016;218,7;285,1;422;247,3
29.12.2016;219,3;282,4;415,2;244,3
30.12.2016;219;279,6;414,9;241,7
02.01.2017;218,7;279,6;415,9;241,7
03.01.2017;219,2;286,4;416,7;249,5
04.01.2017;220,9;285,6;417,2;253,8
05.01.2017;221,9;282;414;252,4
06.01.2017;221,9;283,6;419,4;255,2
09.01.2017;223,7;283,2;421,2;261,9
10.01.2017;222,3;282,2;422,8;262,1
11.01.2017;221,9;286,4;423,5;257,9
12.01.2017;222,7;280,8;416,2;254,8
13.01.2017;222,1;282,1;422,8;256,6
16.01.2017;222,1;282,6;422,7;257,1
17.01.2017;222,3;279,5;417,7;250
18.01.2017;220,8;280;418,8;252,3
19.01.2017;221,5;281,1;421,9;252,4
20.01.2017;221,7;280,3;420,7;249,5
23.01.2017;222,2;277,8;416,7;246
24.01.2017;221,3;279,4;418,8;245,5
25.01.2017;221,7;282;423,8;247,7
26.01.2017;223,3;283,7;428,8;248,8
27.01.2017;224,5;282,5;428,1;250,6
30.01.2017;224,5;281,2;423,9;247,9
31.01.2017;224,4;277,9;417,9;252
01.02.2017;222,7;279,3;423,2;255,6
02.02.2017;222,3;278,2;423,2;253,5
03.02.2017;222,8;280,7;423,7;256,5
06.02.2017;223,8;281,4;426,9;257,6
07.02.2017;224,1;282,8;430,3;258,4
08.02.2017;223,9;282,6;430,3;258,4
09.02.2017;224,5;285,4;434,2;262,1
10.02.2017;224,8;287,5;435,1;262,7
13.02.2017;226,1;289,6;439,6;264,7
14.02.2017;227,3;291,9;440,9;268,8
15.02.2017;227,9;293,2;442,9;272,6
16.02.2017;229,4;290,2;440,2;268,3
17.02.2017;229,2;291,9;443,2;271
20.02.2017;228,8;292,1;446,1;271,2
21.02.2017;229;296,2;449,4;272
22.02.2017;230,3;295,7;450,4;270
23.02.2017;231,2;294,5;446,9;268,2
24.02.2017;230,8;295,6;445,9;269,4
27.02.2017;229,6;294,8;445,9;276,3
28.02.2017;229,1;293,6;446,7;274,8
01.03.2017;228,9;299,7;452,2;280,2
02.03.2017;230,8;298,8;452,9;279
03.03.2017;232;297,9;450,5;280,8
06.03.2017;231,1;295,9;448,2;277,9
07.03.2017;230,5;295,6;449,5;274,4
08.03.2017;230,2;295,6;451,7;277,4
09.03.2017;230,1;295,2;450,4;278,2
10.03.2017;230,1;294;448,3;278,6
13.03.2017;230;293,9;448,6;278,6
14.03.2017;230,3;293,6;448,3;276,8
15.03.2017;230,9;296,4;450,4;281,7
16.03.2017;231,2;293;447,6;275,1
17.03.2017;232;292,5;447,8;272,3
20.03.2017;232,3;291,6;447,5;272,7
21.03.2017;232,6;286,5;440,6;262,6
22.03.2017;231,7;287,3;440,7;264,5
23.03.2017;230,5;287,4;442,7;263,4
24.03.2017;230,4;286,6;442,3;264,6
27.03.2017;230,7;284,2;437,8;265,2
28.03.2017;230;286,8;440,5;264,3
29.03.2017;230,8;290,3;447,2;270,1
30.03.2017;232,1;291,5;450,5;269,5
31.03.2017;232,9;291,9;452,2;270,9
03.04.2017;233,4;292,6;451,9;270,1
04.04.2017;233,8;292,5;452,4;270,8
05.04.2017;233,8;291,7;455,6;266,9
06.04.2017;233,6;292,4;453,2;267,3
07.04.2017;233,6;293,3;453,5;269,9
10.04.2017;234,1;294;454,2;269,3
11.04.2017;234,3;292,8;449,7;267,7
12.04.2017;233,9;292;449,9;269,4
13.04.2017;233,6;289,8;451,1;272
14.04.2017;233,6;289,8;451,1;272
17.04.2017;233,6;291,2;451,1;271
18.04.2017;233,5;289,4;446,8;267,1
19.04.2017;232,1;288,5;450,4;267,6
20.04.2017;231,3;289,3;447,4;267,6
21.04.2017;232,3;290,6;452,3;267,1
24.04.2017;233,1;289;449,7;266,9
25.04.2017;234,1;289,1;450;268,7
26.04.2017;236,1;290,2;454;270,1
27.04.2017;237;290,7;454,9;270,9
28.04.2017;237,1;289,5;454,6;271,3
01.05.2017;237,1;289,3;454,6;270,6
02.05.2017;236,8;290;459,4;271
03.05.2017;237,9;289,5;457,3;269,2
04.05.2017;238,2;288,7;457;270,4
05.05.2017;238,1;288,8;454,4;266,4
08.05.2017;238,4;290,3;458,8;261,6
09.05.2017;239;291,1;463,4;265,7
10.05.2017;240;292,1;463,8;266,1
11.05.2017;240,6;291,5;462,2;265,1
12.05.2017;241,3;289,7;462,4;265,5
15.05.2017;241,2;289,6;461,1;266,2
16.05.2017;240,8;286,7;458,5;265,4
17.05.2017;240,4;280;449,3;257,4
18.05.2017;239;281,5;449,4;263
19.05.2017;236,3;281,7;449,8;258,9
22.05.2017;236,4;281,8;450,2;258,9
23.05.2017;237,1;282,8;451,4;258,7
24.05.2017;237,6;284,7;454,7;259,9
25.05.2017;237,6;285,2;457,4;259,2
26.05.2017;238,2;286,1;460,4;255,8
29.05.2017;238,6;286,2;461,1;256
30.05.2017;238,9;285,9;460,7;251,9
31.05.2017;239;284,1;457,3;251,7
01.06.2017;238,2;286,8;459,6;256,8
02.06.2017;238,3;286,6;461,8;260,2
05.06.2017;238,3;286,8;461,8;260,7
06.06.2017;239,9;285,7;464,1;258,2
07.06.2017;239,8;286,2;464,3;258,8
08.06.2017;239,9;287,3;465,7;260,9
09.06.2017;239,9;288,1;466,8;261,1
12.06.2017;241,4;287,3;453,1;260,1
13.06.2017;240,5;288,6;454,2;262,3
14.06.2017;239,9;286,5;454,2;262,6
15.06.2017;239,9;289,2;452,4;263,3
16.06.2017;239,5;288;451,1;261,7
19.06.2017;239,4;291,2;458,8;269,6
20.06.2017;240,3;290,3;459,4;273,6
21.06.2017;241,5;289,8;459,8;284,4
22.06.2017;240,5;289,2;461,4;287
23.06.2017;240,5;288,6;459,7;285,9
26.06.2017;240,5;288,6;458;285,2
27.06.2017;240,9;284,2;452,8;274,2
28.06.2017;239,9;284,8;447,4;278,3
29.06.2017;237,8;280,8;439,6;272,8
30.06.2017;237,1;281,7;441,1;271,6
03.07.2017;236,4;283,3;440,3;273,3
04.07.2017;237,4;283,7;436,7;273,7
05.07.2017;237,5;284,7;441,9;278,9
06.07.2017;237,9;280,2;438,7;272,4
07.07.2017;237;282,4;441,3;274,6
10.07.2017;236,1;282,7;443,7;272,2
11.07.2017;237,1;281,7;442,7;273,2
12.07.2017;237,6;283,8;449,5;275,1
13.07.2017;237,6;284,7;452,5;277,1
14.07.2017;239,5;285;451,6;276
17.07.2017;239,9;284,4;453,3;274
18.07.2017;239,8;281,8;450,5;271,2
19.07.2017;238,8;284,9;456,7;276,9
20.07.2017;239,4;282;451,9;276,7
21.07.2017;240,5;281,4;451,1;277,9
24.07.2017;238,7;281,4;452,2;280,8
25.07.2017;237,9;281,8;452,7;277,3
26.07.2017;238,3;282,6;454,3;280,3
27.07.2017;239,1;281,5;457,4;273,6
28.07.2017;239,1;279,2;446,6;274,3
31.07.2017;238,4;278;444,4;270,1
01.08.2017;237,4;278,2;444,2;266,9
02.08.2017;237,7;277,3;440,8;267,5
03.08.2017;237,4;276,2;441,7;265
04.08.2017;236,8;279,7;447,1;269,9
07.08.2017;236,8;279,1;447,4;270,3
08.08.2017;237,8;279,9;451,1;269,2
09.08.2017;238,4;279,7;447,1;267,6
10.08.2017;238,5;275,5;443,1;259,4
11.08.2017;237,4;274,9;439,2;260,4
14.08.2017;235,1;277,9;446,1;263
15.08.2017;235,1;279,3;449,3;264,4
16.08.2017;235,6;280,1;451,4;265,2
17.08.2017;237,1;274,9;445;259
18.08.2017;237,9;274,2;441,2;258,2
21.08.2017;236,2;273;435,9;257,4
22.08.2017;235,9;276,9;443,9;264,1
23.08.2017;236,1;274,8;441,9;262,1
24.08.2017;236,6;274,5;438,1;265,9
25.08.2017;236;273,4;436,7;262,1
28.08.2017;236;271,6;434,9;265,1
29.08.2017;235;270,3;432,9;264,4
30.08.2017;233,3;274,1;441,2;272,6
31.08.2017;233,9;276,3;447,6;280,8
01.09.2017;235,9;277,1;449,3;283,1
04.09.2017;236,8;276,3;446,5;282,3
05.09.2017;236,9;274;444,9;279,1
06.09.2017;236,9;274,5;442;278,6
07.09.2017;236,5;272,9;442,3;277
08.09.2017;236,3;272,2;439,8;275,4
11.09.2017;236,1;276;444,3;275,9
12.09.2017;237,7;277,7;445,7;277
13.09.2017;239,5;278,7;448,8;277,2
14.09.2017;239,8;279,5;449,3;277,5
15.09.2017;240,7;277,9;446,9;276,1
18.09.2017;239,9;278,5;448;276,8
19.09.2017;240,3;278,3;445,8;274,2
20.09.2017;240,5;278,1;443,1;276
21.09.2017;240,4;278,9;443,7;276,8
22.09.2017;241,1;278;441;275,3
25.09.2017;240,8;279,8;440,8;278,2
26.09.2017;240,9;282,2;444,8;277,7
27.09.2017;240,6;284,2;448,3;280,7
28.09.2017;241;283,3;448,3;280,8
29.09.2017;241,7;283,5;450,1;282,5
02.10.2017;242,2;286,7;454,5;288
03.10.2017;244,1;286,8;454,5;287,1
04.10.2017;244,5;287;454,7;287,7
05.10.2017;244,7;289,9;458,9;289
06.10.2017;245,6;289,2;460;288,1
09.10.2017;245,6;288,5;460,9;287,2
10.10.2017;245,8;287,3;457;285,5
11.10.2017;245,2;287,1;456,3;284
12.10.2017;245,1;286,6;458;283,3
13.10.2017;245,2;287,1;458,7;282,6
16.10.2017;246,3;288,5;461;284
17.10.2017;247,2;289,9;463,4;285,6
18.10.2017;247,7;289,5;463,5;282,1
19.10.2017;247,6;287,7;457,7;279,6
20.10.2017;246,1;290,8;462,5;277,8
23.10.2017;246,1;290,7;462,6;275,2
24.10.2017;247,4;290,8;460,9;273,5
25.10.2017;247,3;288,2;455,4;269,7
26.10.2017;247,3;291,2;461;265,8
27.10.2017;247;296,6;476,4;271,1
30.10.2017;249,5;294,6;476,3;269,9
31.10.2017;249,4;294,3;476,3;267,5
01.11.2017;249,4;295,6;479,5;268,3
02.11.2017;250,6;294,2;475,9;266,8
03.11.2017;250,8;296,6;481,6;271,9
06.11.2017;251,4;297,8;484,9;270,3
07.11.2017;252,4;298;486,4;269,1
08.11.2017;252,9;298,2;486,4;266,7
09.11.2017;252,2;296,1;482;265,4
10.11.2017;251,2;294,9;481,4;265
13.11.2017;249,3;295,2;482,9;263
14.11.2017;248,9;292,3;476,8;256,3
15.11.2017;247,1;289,6;474,3;255,7
16.11.2017;244,5;292,7;479,9;260,4
17.11.2017;246,1;291,7;478,8;260
20.11.2017;246,2;292,9;479,4;258,4
21.11.2017;247,3;295,4;484,5;261,4
22.11.2017;248,9;293,7;482,6;260,8
23.11.2017;249,4;292,3;480,6;259,5
24.11.2017;248,6;290,6;478,8;258
27.11.2017;248,5;290,9;478,8;256,8
28.11.2017;247,4;295,1;482;258,4
29.11.2017;247,9;295,4;475,4;258
30.11.2017;248,8;296,1;475,5;261
01.12.2017;248,4;296,9;470,2;262,4
04.12.2017;247,4;297;473,8;258,6
05.12.2017;248;296,4;477,5;256,6
06.12.2017;247,5;297,4;475,5;255,8
07.12.2017;246,7;298,3;478,4;260,7
08.12.2017;246,7;300,9;481,7;267,3
11.12.2017;248,1;300,8;481,6;268,1
12.12.2017;249,4;302,9;486,7;267,4
13.12.2017;250;302,1;486,1;269,2
14.12.2017;249,9;300,4;486,2;264,9
15.12.2017;248,8;303,4;488,5;268,2
18.12.2017;249;303,8;492,1;266
19.12.2017;250,6;302,9;490,2;266,1
20.12.2017;250,6;300,8;485,7;266,3
21.12.2017;250,1;302;488,1;267,8
22.12.2017;250,1;302,5;486,9;270,7
25.12.2017;250,1;302,5;486,9;270,7
26.12.2017;250,1;301,4;486,9;270
27.12.2017;250,4;301;483,3;270,9
28.12.2017;250,6;300,4;481,1;270,5
29.12.2017;250,3;297,1;480,5;266,2
01.01.2018;250,3;297,1;480,5;266,2
02.01.2018;250;298,7;480,9;271,5
03.01.2018;249,6;301,1;487,6;275,6
04.01.2018;251,6;301,1;487,5;271,3
05.01.2018;253,5;304,2;492,5;272,2
08.01.2018;255;306,2;497,8;271
09.01.2018;256,8;307,9;500,7;277,6
10.01.2018;257,9;306,2;495,8;277
11.01.2018;257,1;306,7;495,1;275,8
12.01.2018;257,6;306,3;496,2;275,3
15.01.2018;257;303,1;493;272,5
16.01.2018;256,4;303,1;496,7;268,9
17.01.2018;257,4;305,6;494,4;270,1
18.01.2018;257,7;305,2;496,6;270,3
19.01.2018;256,9;307;497,9;272,7
22.01.2018;257,8;308,8;500,6;279,4
23.01.2018;259,1;308,4;505,9;283,2
24.01.2018;260,4;306;498,9;278,6
25.01.2018;260,5;303,2;495,9;277,5
26.01.2018;259,1;308,5;500,8;282,5
29.01.2018;259,1;308,4;505,6;285,6
30.01.2018;259,6;303,7;500;279
31.01.2018;257,2;302,7;499;274
01.02.2018;256;302,2;497;273,5
02.02.2018;256,1;296,6;489,6;269,5
05.02.2018;253,9;284,8;485,4;258,9
06.02.2018;249,1;291,6;466;265,3
07.02.2018;245,3;291,4;486,2;266,2
08.02.2018;245,4;281,3;472,8;255,5
09.02.2018;244,4;285,8;461,8;256,8
12.02.2018;241,6;289,1;472,7;260,9
13.02.2018;242;288;470,2;260
14.02.2018;242,3;290,7;475,7;264,6
15.02.2018;243,8;292,6;480,8;265,4
16.02.2018;245,7;293,4;489,4;265,2
19.02.2018;247;294,6;487,9;266,3
20.02.2018;248,4;294,2;493,8;265,3
21.02.2018;248,7;293,1;497,7;265,5
22.02.2018;249,5;293,4;493,8;264,9
23.02.2018;249,4;298,7;496;270,4
26.02.2018;249,8;302,5;504,8;272,7
27.02.2018;251;299,9;506,6;270,1
28.02.2018;251,6;297,6;505,8;265,5
01.03.2018;250,8;294,1;501,3;263,3
02.03.2018;249,2;292,4;487,2;266,8
05.03.2018;245,1;295,3;495,6;270,1
06.03.2018;244,8;294,3;495,9;269
07.03.2018;245,4;294,1;497,3;271
08.03.2018;245,9;297,3;504,6;274,3
09.03.2018;247,4;302,7;511,9;278,5
12.03.2018;249,9;302,3;518,1;279,9
13.03.2018;251,2;298,5;511;276
14.03.2018;250,8;297,7;509,1;274,4
15.03.2018;249,9;298,5;511,3;272,8
16.03.2018;249,8;300;511;273,1
19.03.2018;250,7;294,5;495,8;266,8
20.03.2018;249,9;296,3;502,1;268,6
21.03.2018;249,3;295,9;503;269,3
22.03.2018;250,2;287,5;490,8;261,9
23.03.2018;247,9;280,3;479,5;254,6
26.03.2018;244;286;473,6;259
27.03.2018;242,7;282,2;486,5;253
28.03.2018;243,8;282,4;467,8;254,8
29.03.2018;243,9;287,5;474,1;257,7
30.03.2018;243,9;287,5;474,1;257,7
02.04.2018;243,9;280,8;474,1;257,5
03.04.2018;244;285,2;468,1;249,1
04.04.2018;244,8;287,9;468,9;255,5
05.04.2018;244,3;291,6;484,6;252,6
06.04.2018;246,7;284,4;475,8;244,3
09.04.2018;247,2;284,3;476,8;248
10.04.2018;246,8;288,1;477,9;253,6
11.04.2018;247,3;285,8;477;252,6
12.04.2018;246,9;289,7;483,6;257,6
13.04.2018;247,5;288,7;482,5;255,4
16.04.2018;248,4;290,1;480,8;252,5
17.04.2018;247,9;293,7;492,4;258,2
18.04.2018;248,4;293,2;493,8;257,8
19.04.2018;249,8;291,8;490,9;254,3
20.04.2018;250;291,3;486,8;253,6
23.04.2018;250,4;292,7;491,1;252,9
24.04.2018;251;289;482;249,3
25.04.2018;251,4;290,5;478,3;250,2
26.04.2018;250;295;489,5;256,4
27.04.2018;250,3;295,6;492,4;257,8
30.04.2018;251,9;293,6;493,5;253,1
01.05.2018;251,9;296,7;493,5;255,1
02.05.2018;252;295,3;498,9;253,9
03.05.2018;253,4;294,8;490,2;250,9
04.05.2018;253,6;299,2;505,5;254,7
07.05.2018;254,2;300,6;512,8;256,9
08.05.2018;254,9;302;513,4;256,9
09.05.2018;256,9;305;514,6;259,4
10.05.2018;256,9;307,2;521,9;258,9
11.05.2018;258,5;306,2;520,8;263,8
14.05.2018;259;305,8;522,3;266,3
15.05.2018;258,9;306,5;518;266,1
16.05.2018;259;309,7;524,5;269,9
17.05.2018;260,1;309,4;526,5;269,8
18.05.2018;260,8;309,2;524;271,2
21.05.2018;260,8;312;524;271,6
22.05.2018;261,4;310,4;525;268,4
23.05.2018;261,4;313,3;526,2;270,3
24.05.2018;261,2;312,1;527,7;270,1
25.05.2018;260;313,2;535,7;272,8
28.05.2018;259,6;314,2;537,9;273,6
29.05.2018;260,4;312,1;537,9;272,3
30.05.2018;258,8;314,7;536,1;274,5
31.05.2018;258,8;311;536,4;273,3
01.06.2018;258,1;314,7;542,3;276,9
04.06.2018;258,3;315,2;545,6;274
05.06.2018;260;316,2;547,9;274,8
06.06.2018;261,2;315,8;546,8;275,1
07.06.2018;261,3;314,5;541,6;271,6
08.06.2018;261,9;317;542,6;273,7
11.06.2018;262,1;316,3;543,2;272,2
12.06.2018;261,8;317,4;546;276,1
13.06.2018;262,6;316,5;551,7;275,4
14.06.2018;262,6;320,7;559,7;281,1
15.06.2018;262,6;321,3;557,5;281,6
18.06.2018;263,8;320,7;558,5;279,5
19.06.2018;261,6;320,8;555,3;285
20.06.2018;260,5;320,9;562,4;289,5
21.06.2018;260,1;318,1;559,7;285,3
22.06.2018;259;317,9;554,6;284
25.06.2018;258,5;312,2;538,1;276,4
26.06.2018;256,4;313,5;541,1;276
27.06.2018;254,2;312,7;546,8;271,9
28.06.2018;254,6;315,1;541,8;273,6
29.06.2018;253,1;312,5;543,5;277,2
02.07.2018;253,4;315,4;541,9;280,2
03.07.2018;252,8;312,7;544,1;280
04.07.2018;252,7;312,8;539,5;280,2
05.07.2018;252,5;314;540,8;281,1
06.07.2018;252,4;315,2;547,4;289,2
09.07.2018;253,3;318;552,1;290,4
10.07.2018;254,3;320,1;555,8;291,1
11.07.2018;255,9;317,8;553,4;290,9
12.07.2018;255;321,6;561,2;296,6
13.07.2018;255;322,5;567;297,2
16.07.2018;256,3;321;563,4;293,4
17.07.2018;256;323;563,7;296
18.07.2018;256,1;324,8;568,8;296,6
19.07.2018;257,5;324,4;569,1;298,2
20.07.2018;257,2;321,5;565,3;295,5
23.07.2018;255,9;322,1;562,4;295,1
24.07.2018;255,7;323,7;568,8;293,7
25.07.2018;256,6;327,5;570,5;297,1
26.07.2018;257;326,9;569,3;294
27.07.2018;257,8;324,9;566,5;287,9
30.07.2018;259,2;321,5;550,7;282,8
31.07.2018;258,1;323,3;553,5;287,1
01.08.2018;256,7;323,8;557;289,8
02.08.2018;257,4;327,1;564,8;292,8
03.08.2018;256,5;329,3;568,9;289
06.08.2018;256;331,4;573,8;290,1
07.08.2018;256,6;331,3;575,3;292,5
08.08.2018;257,3;330,9;577,3;289,8
09.08.2018;257,4;331,4;579,5;289,6
10.08.2018;257,5;333,1;583;291,4
13.08.2018;257;332,3;583;290
14.08.2018;256;335,7;586,6;292,3
15.08.2018;256;335;581,3;293,8
16.08.2018;253,4;335,3;583,3;288
17.08.2018;253,5;336;576,9;287,8
20.08.2018;252,9;336,1;576,7;287,6
21.08.2018;253,4;334,3;576,9;286,5
22.08.2018;253,8;331,8;573,9;285,9
23.08.2018;254,6;332;574,4;288,4
24.08.2018;255;332,5;577,1;286,6
27.08.2018;255,2;333,9;580;288,5
28.08.2018;256,3;332,7;578,5;290,9
29.08.2018;256,9;335,2;585,8;293,4
30.08.2018;257,8;334,8;588,8;297,5
31.08.2018;256,9;335,5;590,8;299,4
03.09.2018;256,4;335,7;592,1;299,7
04.09.2018;256,2;337,2;591,8;297,6
05.09.2018;255,8;334,3;579;294,9
06.09.2018;254;333;574,3;293,5
07.09.2018;252,2;333,6;579,3;290,4
10.09.2018;251,3;333,7;574,9;288,3
11.09.2018;251,7;335,4;578,5;287,9
12.09.2018;251,7;334,4;576,7;287,3
13.09.2018;251,9;334,8;580,2;288
14.09.2018;252,4;335,2;581,4;288
17.09.2018;252,8;332,7;572,9;283,3
18.09.2018;253,5;334,2;577,3;282,3
19.09.2018;253,7;335,5;573,7;286,4
20.09.2018;254,8;335,7;577,8;286,6
21.09.2018;255;335,4;577,8;287
24.09.2018;255,7;333,4;573,4;286,1
25.09.2018;255,1;333,1;575,7;288,3
26.09.2018;255,1;333;580,6;291,2
27.09.2018;255,6;336;587,1;293,6
28.09.2018;255,8;337,8;589;295,7
01.10.2018;255,8;339,9;595,6;298,3
02.10.2018;256,1;340,6;595,1;294,1
03.10.2018;255,7;341,4;595,1;293,1
04.10.2018;255,1;339,2;584,8;293,4
05.10.2018;254,3;337,6;576,3;289,6
08.10.2018;252,1;338,6;572,3;284,1
09.10.2018;250,3;338,3;578,4;284,1
10.10.2018;248,4;325,4;559,9;277,1
11.10.2018;246,1;317,9;543;271,7
12.10.2018;240,7;322,4;551,8;270,2
15.10.2018;239,7;319,8;551,3;268,8
16.10.2018;239,8;326,9;557,7;272,5
17.10.2018;241,6;328,2;562,5;278,2
18.10.2018;243,9;324,6;556,7;278,7
19.10.2018;242,7;324,4;558,7;279,9
22.10.2018;241,7;323,7;560,2;270,3
23.10.2018;240,8;322,2;546,7;266,6
24.10.2018;238,2;314;549;269,5
25.10.2018;235,8;320,3;550,6;257
26.10.2018;235,8;315;539,8;255,8
29.10.2018;233,2;312,4;536,7;261,6
30.10.2018;233,3;318,1;532,7;254,3
31.10.2018;233,9;322,5;552,2;262
01.11.2018;233,9;324;552,4;260,4
02.11.2018;238,4;322,5;547,4;273,6
05.11.2018;241,1;323,7;541,5;272,2
06.11.2018;241,9;325,2;546,7;271,5
07.11.2018;241,4;330,6;558,6;271,7
08.11.2018;242,5;331,1;563,2;277,8
09.11.2018;244,4;330,2;557;272,8
12.11.2018;243,8;326,7;545,5;265,5
13.11.2018;242,1;325,4;550,4;263,2
14.11.2018;240,6;322,2;538,9;260
15.11.2018;239,8;325,3;539,5;253,9
16.11.2018;239,6;323,9;538,1;259,8
19.11.2018;238,9;316,9;525,7;256,4
20.11.2018;237,8;312,3;516,8;248,6
21.11.2018;234,9;313,7;521,2;254,6
22.11.2018;234,6;313,4;512,9;254,3
23.11.2018;235,1;313,1;519,3;259,7
26.11.2018;235,1;318,1;523,3;264,4
27.11.2018;236,9;320,5;532,2;261,3
28.11.2018;238,2;328,3;535,2;263,6
29.11.2018;239,1;324,5;542,5;266,9
30.11.2018;239,8;329;546,7;268,4
03.12.2018;240,6;331,9;557,5;277,4
04.12.2018;242,4;321;553,2;277,9
05.12.2018;241,6;321,3;539,2;278,1
06.12.2018;238,8;319,7;526,9;260,5
07.12.2018;234,5;312,1;527,5;267,1
10.12.2018;232,4;313;519;256,4
11.12.2018;230,3;314,4;533,9;265,7
12.12.2018;229,6;314,9;540,6;265,6
13.12.2018;231,4;315,4;535,5;263,5
14.12.2018;232,8;310,8;531,9;261,3
17.12.2018;231,4;303,3;522,1;255,1
18.12.2018;228,6;302,6;513,7;253,2
19.12.2018;226,4;296,5;513,2;249,6
20.12.2018;225,5;292;492,4;238,4
21.12.2018;223;286;488,6;232
24.12.2018;223;278,2;488,6;232
25.12.2018;223;278,2;488,6;232
26.12.2018;223;292,2;488,6;232,1
27.12.2018;220,2;294,9;483,8;231,1
28.12.2018;220,5;293,7;495,5;237,2
31.12.2018;220,5;296,3;495,5;240
01.01.2019;220,5;296,3;495,5;240
02.01.2019;222,8;298,7;500,8;236,8
03.01.2019;223,4;290,4;490,6;245,5
04.01.2019;221,4;299,9;502,4;247,6
07.01.2019;223,1;300,6;507,4;262,5
08.01.2019;226;304,1;508,9;265,4
09.01.2019;228,2;303,6;513,5;267,1
10.01.2019;229,3;304,6;514,5;265,6
11.01.2019;230,5;305,8;515,1;271,3
14.01.2019;230,9;304,4;513,2;269,5
15.01.2019;230,3;308,7;523,1;270,9
16.01.2019;230,7;310,4;527,8;277,5
17.01.2019;232,5;313,2;527,1;276,2
18.01.2019;233,6;317,7;537,4;275,7
21.01.2019;235,4;317,7;533,4;275,7
22.01.2019;236,8;313,4;530,5;275,6
23.01.2019;235,9;313,5;523,6;276,9
24.01.2019;234,9;314,6;528,4;272,2
25.01.2019;235,4;316,1;533,7;272,6
28.01.2019;236,9;312,6;523,6;270,9
29.01.2019;236,8;312,7;521,1;272,1
30.01.2019;236,5;317,3;527,7;269,2
31.01.2019;237;318,7;541;274,8
01.02.2019;237,9;319,2;540,1;276,5
04.02.2019;238,5;322,5;545,3;277,8
05.02.2019;239,3;324,5;551,6;282,3
06.02.2019;240,4;324,7;552,6;279,4
07.02.2019;241,5;322,3;543,4;277,1
08.02.2019;240,6;323,4;543,3;271,8
11.02.2019;238,9;325,2;550,8;275,8
12.02.2019;239,2;328,7;556,2;277,7
13.02.2019;240,8;330;558,9;282,1
14.02.2019;242,4;329,6;557,5;281,6
15.02.2019;242,4;333,6;560,9;284,1
18.02.2019;242,5;332,3;561,7;283
19.02.2019;243,4;332;560,3;285
20.02.2019;243,8;332,2;560,4;284,3
21.02.2019;244,2;331,1;558,1;279,2
22.02.2019;244,8;333,4;562,3;280,1
25.02.2019;245,1;333,7;566,3;287,6
26.02.2019;246,3;333,1;563,3;287
27.02.2019;246,7;332,2;560,7;289,6
28.02.2019;246,2;331,2;561,5;289,1
01.03.2019;245,6;333,5;562;293
04.03.2019;246,6;334,1;566,9;299,1
05.03.2019;248,3;334,2;570;294,3
06.03.2019;248,7;331,7;565,9;290,3
07.03.2019;248,5;331,6;566,4;282,3
08.03.2019;247,8;330,8;558,9;280,7
11.03.2019;245,7;336;571,9;287
12.03.2019;246,1;335,5;574,7;289,2
13.03.2019;247,6;336,8;578,4;292,2
14.03.2019;248,1;336,7;577,8;291,1
15.03.2019;248,5;337,8;581,8;293,1
18.03.2019;249,3;338,7;579,3;294,9
19.03.2019;250,1;338,4;584,5;291,1
20.03.2019;251;337,2;580,2;291,8
21.03.2019;250,9;340,6;589,7;287,4
22.03.2019;250,2;336,5;587,1;286,7
25.03.2019;250,1;335,1;580,2;279,2
26.03.2019;247,6;338,7;586,6;287,3
27.03.2019;248,3;338;582,4;286,7
28.03.2019;248,9;339,8;585,2;286,2
29.03.2019;249;342,3;590;289,9
01.04.2019;249,8;346,5;597,7;293,6
02.04.2019;252,4;347,4;601,5;295
03.04.2019;254;346,9;607,1;297,1
04.04.2019;254,9;348,1;603,7;298,1
05.04.2019;256,1;349,5;607,4;298,9
08.04.2019;256,2;348,7;605,6;295,2
09.04.2019;255,9;346,3;605,2;295,6
10.04.2019;255,2;348,2;607,4;295,6
11.04.2019;255,4;347,6;607,6;295,8
12.04.2019;255,5;348,6;605,4;291,5
15.04.2019;255,8;348,5;605,2;288,3
16.04.2019;256,7;349;610;289,5
17.04.2019;257,5;348,2;610,3;276,7
18.04.2019;257,8;350,5;614;271,6
19.04.2019;257,8;350,5;614;271,6
22.04.2019;257,8;350,5;614;271,3
23.04.2019;258,4;355,2;625,5;275,3
24.04.2019;259,2;354,5;628,9;276,3
25.04.2019;259,3;356,3;632,5;278,5
26.04.2019;259,5;357,3;628,6;279,2
29.04.2019;259,2;357,6;631,3;281,2
30.04.2019;259,8;356,7;621,5;280,1
01.05.2019;259,8;352,9;621,5;279,3
02.05.2019;259,5;354;621,9;279,2
03.05.2019;259;357,3;628,2;279,7
06.05.2019;259,6;355,5;623,5;279,9
07.05.2019;258,5;349,8;616,3;281,8
08.05.2019;256,9;348,8;613,2;280,1
09.05.2019;253,9;347;600,8;279,4
10.05.2019;252,4;347,9;595,7;278,1
13.05.2019;251;339,6;587,9;270
14.05.2019;248,4;343,3;596,7;270,1
15.05.2019;248,1;345,5;601,9;272,7
16.05.2019;249;349,5;613,1;282
17.05.2019;250,8;348,1;610,9;279,3
20.05.2019;251;345,6;595,2;274,2
21.05.2019;249,6;348;601;277,5
22.05.2019;248,9;347,9;599,9;281,4
23.05.2019;249,7;343,9;589;280,4
24.05.2019;248,3;342,7;588,6;283
27.05.2019;247,1;343,1;587,9;283,3
28.05.2019;247,7;340,8;590,2;283,3
29.05.2019;248,1;339,4;583;276,2
30.05.2019;248,1;340,6;585,2;276,5
31.05.2019;247,4;335,6;579,7;270,6
03.06.2019;246;333;568,6;270,8
04.06.2019;245,6;339,2;571,3;272,1
05.06.2019;246,1;341,1;576,3;275,4
06.06.2019;247,7;342,6;577,7;274,9
07.06.2019;247,6;344,5;589,2;273,4
10.06.2019;247,6;346,8;589,2;274
11.06.2019;248,7;346,7;598,7;276,1
12.06.2019;250,4;345,9;595;273,5
13.06.2019;250,6;348,8;599;277,3
14.06.2019;250,8;349,8;600,4;278,9
17.06.2019;251;350,1;603,8;285,5
18.06.2019;249,9;354,8;617,1;292,8
19.06.2019;251,2;354,9;612,8;291,9
20.06.2019;251,2;355,9;616,1;295,6
21.06.2019;254,1;354,5;617,2;289,7
24.06.2019;254;351,7;611,9;289,9
25.06.2019;253,2;348,6;606,3;289
26.06.2019;252,4;348,4;605;283,9
27.06.2019;251,9;350;605,3;284,8
28.06.2019;252,9;351,4;606,3;287,7
01.07.2019;254,1;356,1;619,5;295,1
02.07.2019;256,9;358,1;619;295,2
03.07.2019;258,3;361,3;626,5;296,8
04.07.2019;259,2;361,3;629,4;296,8
05.07.2019;259,9;362,6;627,1;299,2
08.07.2019;259,9;361;624,4;293,5
09.07.2019;258,8;361,9;626,6;293
10.07.2019;257,4;362;630,5;296,5
11.07.2019;257;362,8;634,4;291
12.07.2019;257,2;364,5;634,5;287,3
15.07.2019;257,5;364,3;636,3;289,6
16.07.2019;257,9;364,3;638,5;291,6
17.07.2019;258,2;361,9;635;291,3
18.07.2019;257,8;363,4;628,9;291,8
19.07.2019;256,9;361,1;635,1;293,7
22.07.2019;257,3;362,1;633,2;292,4
23.07.2019;257;366,9;639,1;292,5
24.07.2019;258,3;368,9;644,2;292,1
25.07.2019;259,9;366,4;641,3;292,5
26.07.2019;260;370,2;649;291,9
29.07.2019;260;369,4;644,6;291,8
30.07.2019;259,7;368,2;643,2;293,6
31.07.2019;258,3;364,4;645,1;295,6
01.08.2019;256,9;363,6;651;297,4
02.08.2019;257,5;359,6;621,7;292,6
05.08.2019;254,1;346,3;601,3;282,1
06.08.2019;249,1;350,8;598,6;283,1
07.08.2019;247,5;350,1;601;281,2
08.08.2019;246,4;357,3;616,5;286,4
09.08.2019;248,4;354,9;611,6;287,3
12.08.2019;249;350,1;609,9;284,9
13.08.2019;247;356,3;620,4;287,8
14.08.2019;246,5;347,1;610,7;282,7
15.08.2019;246,5;349,3;607,7;283,8
16.08.2019;245,7;354,5;617,5;285,4
19.08.2019;246;359,1;628,1;289,4
20.08.2019;247,9;356,5;627,5;290,2
21.08.2019;249,1;359,3;629,8;289,4
22.08.2019;249,4;359,6;625,7;288,4
23.08.2019;250;349,3;611;285,2
26.08.2019;248,9;353;613,1;280,2
27.08.2019;248;352,3;616,4;282,6
28.08.2019;248,4;355,4;617,1;279,5
29.08.2019;248,6;360,3;628,8;282,4
30.08.2019;249,5;362,3;629,3;282,4
02.09.2019;251,4;363,8;630;283,6
03.09.2019;252,5;361,5;627,8;282,3
04.09.2019;252,1;363,2;629,5;276,9
05.09.2019;252,3;367,5;642,3;277,5
06.09.2019;254,2;367,7;642,3;278,7
09.09.2019;255,4;367,4;642;274,9
10.09.2019;255,7;368,1;633,4;272
11.09.2019;255,5;372,2;645,8;281,5
12.09.2019;257,3;372,2;648,3;281,6
13.09.2019;258,3;370,2;643,8;279,7
16.09.2019;258,7;371,9;643,9;283,8
17.09.2019;259,4;371,1;641,5;282,5
18.09.2019;258,6;370,9;641,6;280,6
19.09.2019;258,5;371,1;648,5;280,5
20.09.2019;258,9;370,8;646,2;285,1
23.09.2019;259,7;371,3;642,2;284,7
24.09.2019;259,5;368,1;639;282
25.09.2019;258,6;371,7;636,6;275,2
26.09.2019;258,2;371,4;638,5;274,6
27.09.2019;258;369,2;640;269,6
30.09.2019;257,4;372,7;640;269,3
01.10.2019;258,2;367,6;638,2;271
02.10.2019;257,3;360,1;620,4;259,3
03.10.2019;254,1;361,7;620,4;262,7
04.10.2019;252,5;367;634,6;267,8
07.10.2019;252,8;364,9;637,8;266,5
08.10.2019;253,2;360,5;629,1;263,3
09.10.2019;252,9;363;630,9;263,6
10.10.2019;252,5;364,3;636,6;264,7
11.10.2019;252,5;367,5;645;268,9
14.10.2019;254,8;367,4;643,3;268,4
15.10.2019;256,2;370,6;648;271,4
16.10.2019;257,5;369,5;645,5;273,4
17.10.2019;258,4;368,3;643,3;274
18.10.2019;258,4;366,1;638,9;274,1
21.10.2019;258;368,4;641,7;272,4
22.10.2019;258,4;367,6;642,2;285,1
23.10.2019;259,1;369,1;639,7;282
24.10.2019;259,2;370,2;647,9;282,5
25.10.2019;259,8;372,2;652,8;280,8
28.10.2019;260,7;374,2;659;285
29.10.2019;261,4;373,3;656;286,2
30.10.2019;261,8;374,1;653,2;285,3
31.10.2019;261,8;371,9;652,6;284,6
01.11.2019;261,8;375,1;656,5;284,2
04.11.2019;262,1;376,9;664,7;291,7
05.11.2019;263,7;379,2;670,5;293,3
06.11.2019;266,5;379,5;667,9;293,3
07.11.2019;267;381,7;675,4;293,3
08.11.2019;268,1;383,6;674;294
11.11.2019;268,7;382,3;672,9;296,6
12.11.2019;268;383,7;679,5;300
13.11.2019;268,5;384,1;677,6;299,3
14.11.2019;268;384,8;675;300,1
15.11.2019;267,5;386;679,3;300,7
18.11.2019;267,8;385,2;677,2;302,9
19.11.2019;268,2;385;679,2;305,9
20.11.2019;268,2;384,1;679,2;310,2
21.11.2019;267,9;383,2;673,4;309,7
22.11.2019;266,9;385,5;675,7;313,2
25.11.2019;267,1;389,2;685,9;321,1
26.11.2019;269,2;389,9;687,2;322,3
27.11.2019;270,3;392,1;692;325,5
28.11.2019;271,5;391,9;692,5;325,3
29.11.2019;271,7;389,7;690,2;326,6
02.12.2019;270,5;384,7;674,8;324,2
03.12.2019;268,7;381,8;667;321,4
04.12.2019;266,8;384,1;677,1;323,5
05.12.2019;267,4;384,6;673,8;324,7
06.12.2019;268,7;389,6;686,1;326,8
09.12.2019;270,6;387,7;685,2;328,3
10.12.2019;270,8;386,6;682;325,6
11.12.2019;270,1;387,8;682,5;327,7
12.12.2019;270,1;390,1;685,8;325,4
13.12.2019;271,4;389,5;688;327,7
16.12.2019;273,3;392,2;696;328
17.12.2019;275,1;391,8;694,7;328,2
18.12.2019;275,8;392,6;699,1;327,6
19.12.2019;275,8;394,7;700,5;326,7
20.12.2019;275,9;397,8;708,3;329,8
23.12.2019;277,2;398,1;709,4;332,4
24.12.2019;277,2;397,9;709,4;332,3
25.12.2019;277,2;397,9;709,4;332,3
26.12.2019;277,2;399,7;709,4;332
27.12.2019;277,5;397,4;711,2;327,3
30.12.2019;278;393,7;707,8;323,2
31.12.2019;278;394,1;707,8;322,5
01.01.2020;278;394,1;707,8;322,5
02.01.2020;277,1;398,3;710,1;322
03.01.2020;278,9;396,8;712,1;318,6
06.01.2020;278,9;397,3;712,1;315,6
07.01.2020;277,9;397,9;718,9;319,1
08.01.2020;278,5;400,7;722;324,6
09.01.2020;279,2;404;731,5;329,6
10.01.2020;280,6;402,5;732,1;329,7
13.01.2020;281,3;404,6;732,1;321,9
14.01.2020;281,8;404,4;735,2;319,7
15.01.2020;282,4;404,1;734,3;330,1
16.01.2020;281,8;407,8;736,8;330,8
17.01.2020;282,3;411,1;743,8;333,3
20.01.2020;283,7;411,6;747,1;333,7
21.01.2020;284,1;409,9;748;333,1
22.01.2020;283;410,9;752,1;331
23.01.2020;283,1;412,5;751,5;326,1
24.01.2020;282,6;409,5;755,8;327,9
27.01.2020;282;403,6;734,9;317,1
28.01.2020;278,9;408,1;745,2;320,2
29.01.2020;278,3;407,8;748,4;321,6
30.01.2020;279,3;407,8;743,2;317,1
31.01.2020;277,4;398,9;736,6;313,2
03.02.2020;274,5;402,6;745,1;316,5
04.02.2020;273,8;409,4;762,8;324
05.02.2020;276,1;415,3;767,6;334,2
06.02.2020;279,6;417,7;776,3;337,5
07.02.2020;281,8;416;779,8;336,8
10.02.2020;281,4;420,6;783,8;339
11.02.2020;281,1;421,7;792,1;345,2
12.02.2020;282,7;425,2;796,6;343,7
13.02.2020;284,8;426,5;801,9;345,2
14.02.2020;286,1;427,4;802,8;343,7
17.02.2020;286,1;428;806,2;344,2
18.02.2020;286,5;427;801,9;345,5
19.02.2020;286,1;430,3;815;348,7
20.02.2020;286,5;428,2;799,9;348,1
21.02.2020;286,5;421,9;792,3;344,5
24.02.2020;285,1;407,6;758,7;336,9
25.02.2020;279,1;395;747,5;338
26.02.2020;274,3;393,4;746,9;331,9
27.02.2020;271,7;372;712,9;318,9
28.02.2020;265,7;369;686,6;308,7
02.03.2020;258,6;380,9;702,1;315,1
03.03.2020;256,8;368,7;711,4;322,9
04.03.2020;257,3;385,5;711;322,8
05.03.2020;260,8;370,9;713,6;327,6
06.03.2020;259,2;360,7;677,3;315,4
09.03.2020;253;330,1;641,9;295,6
10.03.2020;240,6;348,7;644,1;294,8
11.03.2020;236,8;333,7;650,4;296,5
12.03.2020;234,9;307,3;602,8;279,3
13.03.2020;222,1;336,3;609,8;272,4
16.03.2020;217,2;294,2;605,8;271,4
17.03.2020;207,3;316,5;611;272,6
18.03.2020;207,1;303,9;593,2;277,7
19.03.2020;200,8;309,1;615,9;282,5
20.03.2020;196,4;296,1;612,3;294,5
23.03.2020;200,7;285,6;585,1;274,6
24.03.2020;196,8;311,3;630,6;284,9
25.03.2020;202,6;313,9;634,8;288,1
26.03.2020;210,3;327,7;636,8;291,5
27.03.2020;215,6;315,7;625,5;288,3
30.03.2020;214,8;327,1;642,5;293,5
31.03.2020;214,5;323,6;657,3;296,3
01.04.2020;215,9;310,7;632,9;293,9
02.04.2020;212,7;319,6;633,2;289,3
03.04.2020;212,1;316,7;632,8;302,1
06.04.2020;212;339,4;660,1;310,8
07.04.2020;216,5;335,8;681;314,3
08.04.2020;222,9;347,9;682,2;309,5
09.04.2020;225,2;350,5;680,9;317,5
10.04.2020;225,2;350,5;680,9;317,5
13.04.2020;225,2;348,2;680,9;318,6
14.04.2020;228,2;356,6;709,8;325,3
15.04.2020;232;350,8;710,6;324
16.04.2020;230,2;354,7;731,2;330
17.04.2020;228,1;362,9;728,1;339,2
20.04.2020;230,1;356,6;736,5;350
21.04.2020;232,3;346,3;698,3;352,1
22.04.2020;230,6;355,4;719,5;347,6
23.04.2020;229,5;355,2;732,3;353,3
24.04.2020;232,5;360,6;725,4;350,5
27.04.2020;232,3;365;741,3;361,4
28.04.2020;233,7;363,4;731,8;357,8
29.04.2020;236,8;372,3;745,4;355,1
30.04.2020;239,2;365,5;742,6;349
01.05.2020;239,2;353,5;742,6;347,2
04.05.2020;238,8;353,5;727,5;343,6
05.05.2020;235,1;363,8;750,2;356
06.05.2020;236;362,7;757;358,7
07.05.2020;237,1;367,6;763,7;360,8
08.05.2020;237,7;370,6;767,2;359,4
11.05.2020;238,9;372,3;776,3;364,8
12.05.2020;240,7;363;776,6;370,2
13.05.2020;240,6;357,9;757,4;369,3
14.05.2020;239,1;362,9;751,7;355,3
15.05.2020;236;364,2;753,3;362,7
18.05.2020;235,9;374,4;777,9;372,1
19.05.2020;238,4;367,4;779,2;366,6
20.05.2020;241,4;372,1;782,4;361,6
21.05.2020;241,4;370,9;777,4;363,3
22.05.2020;241,6;373,6;778,7;366,9
25.05.2020;241,2;373,5;792,7;366,8
26.05.2020;241,7;374,9;780,2;369,1
27.05.2020;243,7;380,9;764,1;354,8
28.05.2020;245,1;377,3;777,8;364,7
29.05.2020;246,4;376,8;767,6;362,3
01.06.2020;246,4;377,8;767,6;361,8
02.06.2020;246,6;379,3;773,9;363,2
03.06.2020;249,1;383,3;781,1;363,4
04.06.2020;253;377,9;773,5;356,3
05.06.2020;253,3;388,8;787;351,6
08.06.2020;255,9;393,9;787,6;348,8
09.06.2020;258,4;389;794,4;354,3
10.06.2020;256,8;387;802,5;355,8
11.06.2020;256,8;363,3;787;349,2
12.06.2020;250;372,6;779,2;349,8
15.06.2020;248,3;374,7;774,2;343,9
16.06.2020;245,5;383;798,7;358,8
17.06.2020;249,7;382,2;808,1;361,5
18.06.2020;252,2;382,6;806,9;362,1
19.06.2020;252,3;381,7;816,9;368,2
22.06.2020;253,2;381,9;810,6;372,2
23.06.2020;253;380,7;821,4;369,4
24.06.2020;252,8;372,8;805,4;374,4
25.06.2020;252,5;379;806,9;370,7
26.06.2020;251,2;370,2;804,5;376
29.06.2020;251,6;374,2;797,8;366,1
30.06.2020;250,3;380,4;812,3;366,2
01.07.2020;251,5;381,4;823,2;368,5
02.07.2020;252,3;384,3;836,2;375,5
03.07.2020;254,6;383,8;834,5;375
06.07.2020;256,3;387,3;851,2;375,9
07.07.2020;258,3;384,2;856,5;378,8
08.07.2020;259,6;385,8;845,6;380,3
09.07.2020;259,3;384,8;852,8;382,6
10.07.2020;259,8;388;860,6;377,3
13.07.2020;259,3;382,7;882,8;376,3
14.07.2020;260,4;386,8;841,7;362,4
15.07.2020;258,6;389,7;846,9;373
16.07.2020;259,5;387,9;834,9;370,6
17.07.2020;259,4;389,3;842,3;375,3
20.07.2020;258,8;392;855,8;382,5
21.07.2020;260,6;391;858,9;379,3
22.07.2020;262,6;389,7;848;370,8
23.07.2020;262,2;384,8;845,8;369,8
24.07.2020;261,9;381,5;818,6;354,4
27.07.2020;260;379,3;811,9;354,2
28.07.2020;258,3;378,4;821,9;355,2
29.07.2020;258,5;381,6;819,3;349,2
30.07.2020;258,6;379,6;819,1;346,2
31.07.2020;257,2;381,6;829,1;344
03.08.2020;256,2;387,2;852,8;348,8
04.08.2020;258,3;388;850,6;349,3
05.08.2020;259,8;386,3;846,7;350,2
06.08.2020;261,4;390,1;852,7;349,8
07.08.2020;263,4;392,2;863,2;351,8
10.08.2020;263,1;394;849,5;348,3
11.08.2020;263,6;390,9;851,7;341,8
12.08.2020;263,7;395,1;855,1;341,4
13.08.2020;265,4;393,3;861,4;341,7
14.08.2020;265,7;393,5;855,6;341,8
17.08.2020;265,4;393,3;860,2;345
18.08.2020;265,3;392,5;863,4;347,5
19.08.2020;265,6;391,5;870,6;342,7
20.08.2020;265,4;394,7;873;343,1
21.08.2020;264,8;398,1;886,5;345,6
24.08.2020;264,9;401;889,9;342,5
25.08.2020;266,6;402,1;894,5;341,7
26.08.2020;268,4;406,4;911,2;343,6
27.08.2020;269,2;408,1;923,8;342,9
28.08.2020;270,3;407,1;914,1;340,7
31.08.2020;269,8;404,2;914,7;341,5
01.09.2020;269,1;407,1;928,2;344,8
02.09.2020;269,2;417,6;938;343,7
03.09.2020;271,5;403,1;907,6;344,5
04.09.2020;270,3;401,2;871,5;331,9
07.09.2020;267,4;400,2;882,6;331,1
08.09.2020;266,8;390,3;863,4;330,8
09.09.2020;265,1;397,6;873,4;332,5
10.09.2020;265,3;388,6;875,6;334,5
11.09.2020;265,3;390,1;854,1;330,1
14.09.2020;265;393,8;866,4;350,6
15.09.2020;266,2;396,5;878,2;361,1
16.09.2020;267,9;395,5;876,4;365,9
17.09.2020;269,1;392,8;851,2;363,8
18.09.2020;268,7;386,7;836,2;366,8
21.09.2020;268,2;386,1;830,3;366,2
22.09.2020;266,1;391,4;852,5;361,9
23.09.2020;262,9;383,2;857,9;368,9
24.09.2020;264,4;385,4;853,1;358,6
25.09.2020;262,3;392,3;861,4;361
28.09.2020;261,2;397,7;879,4;367,4
29.09.2020;263,2;393;878,1;367,3
30.09.2020;265,1;396,4;886,6;369,2
01.10.2020;264,5;398,2;892,4;371,6
02.10.2020;265,9;395,1;879;371,7
05.10.2020;266,4;399,5;880,3;374,2
06.10.2020;266,6;394;879;380,8
07.10.2020;269,1;401,9;882,7;381,1
08.10.2020;269,9;405,6;889,8;387,7
09.10.2020;271,6;406,9;896,3;386,2
12.10.2020;272,9;413,7;924,3;388,9
13.10.2020;274,5;413,5;940,9;395,4
14.10.2020;276,8;410,2;930,9;394,1
15.10.2020;276,1;411,7;918;386,1
16.10.2020;275,2;411;923,1;387,7
19.10.2020;273,5;402,1;910,9;383
20.10.2020;273,8;402,4;893,5;375,3
21.10.2020;271,9;400,1;894,2;368,6
22.10.2020;272,3;403,8;889,8;370,9
23.10.2020;271,8;404,9;888,3;371,4
26.10.2020;271,8;398;879,6;369,1
27.10.2020;271,3;396,3;886,6;370,5
28.10.2020;269,4;384,9;868,3;363,9
29.10.2020;266,7;392,7;881,4;364,2
30.10.2020;264,1;388,2;862;359,4
02.11.2020;264;393,4;864,6;363,6
03.11.2020;264,8;397,2;876,8;361,9
04.11.2020;267,5;406,7;913,1;381
05.11.2020;270,8;410,6;926,3;384,3
06.11.2020;274,8;408,7;920,2;376,1
09.11.2020;277,9;415,4;935,4;373,3
10.11.2020;280,1;415;894,4;368,2
11.11.2020;282,9;420,4;912,2;375,7
12.11.2020;283,4;414,4;914,4;378,1
13.11.2020;284;419,7;909,1;378,2
16.11.2020;283,7;424;919,4;377
17.11.2020;285,5;420,7;916,3;372,9
18.11.2020;287,5;415,8;915,9;375
19.11.2020;287,6;418,8;915,9;368,5
20.11.2020;287,5;415,4;918,9;366,7
23.11.2020;287,6;419,1;908,5;370,3
24.11.2020;289,2;423,9;917,6;369,6
25.11.2020;290,3;422,2;924,1;371,5
26.11.2020;291,2;422,2;930,2;371,5
27.11.2020;291,3;421,6;932,4;373,5
30.11.2020;291,4;419,2;923;375,1
01.12.2020;291,4;421,4;937,8;376,7
02.12.2020;290,3;420,6;932,6;371,7
03.12.2020;291,6;417,6;933,3;369,1
04.12.2020;291;421,9;936,1;371,7
07.12.2020;292,5;421,4;941,9;374,8
08.12.2020;292,5;423,3;942,2;370,4
09.12.2020;294,1;421;945,8;378
10.12.2020;295;418,8;931,4;374
11.12.2020;293,9;419,1;921,2;378,2
14.12.2020;293,3;416,7;936,6;393,5
15.12.2020;293;421,1;933,3;388,4
16.12.2020;293,2;420,7;942,9;389,8
17.12.2020;295;421,1;942,5;388,7
18.12.2020;296,5;420;942,4;394
21.12.2020;297,9;419,2;933,8;388,4
22.12.2020;296,3;419,8;942,5;397,3
23.12.2020;295,2;419,5;944,2;393,9
24.12.2020;295,2;421,2;944,2;394
25.12.2020;295,2;421,2;944,2;394
28.12.2020;297,1;423,8;953,1;396
29.12.2020;298,3;421,9;954,8;386,3
30.12.2020;299,3;420,4;952,7;387,7
31.12.2020;299,3;425,4;952,7;381,8
01.01.2021;299,3;425,4;952,7;381,8
04.01.2021;301;417,9;940,7;384,1
05.01.2021;302,8;420,7;942,2;378,1
06.01.2021;302,8;423;943,8;378,1
07.01.2021;304,5;430,1;955,2;386,6
08.01.2021;307,1;432,6;965,5;395,4
11.01.2021;310,1;433,5;969,3;393,1
12.01.2021;311,6;433,4;964,2;400,6
13.01.2021;310,7;434,3;970;398,5
14.01.2021;312,1;433,6;971,1;400,6
15.01.2021;313,4;432;965,5;409,2
18.01.2021;313,4;432,6;963,7;409,8
19.01.2021;311,2;434,3;964,6;409,7
20.01.2021;311,6;441,2;993,6;411,9
21.01.2021;314,3;439,7;999,9;403,3
22.01.2021;316,7;437,6;995,2;402,8
25.01.2021;316;440,7;1001,4;411,9
26.01.2021;315,6;438,7;1007,3;410,9
27.01.2021;314,1;430,1;995,4;393
28.01.2021;312,4;433,2;995,6;393,3
29.01.2021;308,6;423,9;971,7;399,3
01.02.2021;307,5;433,1;990,6;400,4
02.02.2021;306,7;441,1;1013,6;406,7
03.02.2021;312,1;442,1;1015,3;412,9
04.02.2021;317,1;448,2;1020,3;413,1
05.02.2021;318,4;448,3;1024,7;416,9
08.02.2021;319,4;450,8;1027,1;426,7
09.02.2021;321,8;448,5;1028,6;428,7
10.02.2021;322,6;447,1;1019,5;426,3
11.02.2021;323,1;447,9;1029;418,8
12.02.2021;323,8;450,5;1030,5;415,7
15.02.2021;324,8;450;1037,9;415,2
16.02.2021;326,1;450,2;1035,5;412,4
17.02.2021;327,6;453,4;1024;411,2
18.02.2021;328,2;449,9;1019,5;407,9
19.02.2021;325,7;447,1;1025,5;409,5
22.02.2021;322,5;443,3;998;405,9
23.02.2021;323;443,1;976,3;392,2
24.02.2021;319,3;449,5;986;400,2
25.02.2021;318,8;434,9;972,8;399,3
26.02.2021;318,3;435,9;976,5;387,8
01.03.2021;315,2;449,5;994,3;397,7
02.03.2021;314,6;445,4;988,4;395,5
03.03.2021;319;439,2;974,6;385,2
04.03.2021;318,4;434,6;960;375,5
05.03.2021;317,9;448;937,3;371,4
08.03.2021;315,1;447,5;964,6;384,9
09.03.2021;316,1;452,9;973,9;387,7
10.03.2021;316,1;455,1;978,9;388,1
11.03.2021;318,6;457,4;992,1;386,4
12.03.2021;319,3;458,8;975,6;390,6
15.03.2021;322,1;462,6;987,1;396,2
16.03.2021;322,4;462,8;1009,3;400,5
17.03.2021;323,8;463,7;992,4;392,1
18.03.2021;323,6;456,1;988,2;392,2
19.03.2021;324,3;456,5;982,8;389,1
22.03.2021;323,5;458,8;1001,2;395,4
23.03.2021;321,4;457,6;1004,1;390,2
24.03.2021;321,6;456,7;996,2;385,3
25.03.2021;319,2;461,2;985,4;371,7
26.03.2021;317,4;468,1;990,4;378,9
29.03.2021;318,7;469;995,8;377,6
30.03.2021;322,4;469;1000,4;373,7
31.03.2021;322,2;469,7;1016;385
01.04.2021;323,2;474,9;1026,6;392,2
02.04.2021;323,2;474,9;1026,6;392,2
05.04.2021;323,2;480,3;1026,6;390,9
06.04.2021;322,9;478,2;1046,7;387,1
07.04.2021;326,7;476,4;1039,6;381,8
08.04.2021;326,1;478,6;1048,7;379,6
09.04.2021;325,5;482,6;1050,9;373,3
12.04.2021;326,8;481,8;1050,9;366
13.04.2021;325,4;482,7;1059,3;371,2
14.04.2021;324,7;479,1;1054,5;376,5
15.04.2021;325,8;484,3;1062,1;381,2
16.04.2021;326,2;485,6;1062,1;379
19.04.2021;328;481,5;1049,6;375,6
20.04.2021;328,9;477;1037,7;371,4
21.04.2021;327;482,3;1046,8;370,9
22.04.2021;323,9;478,1;1054,1;373,1
23.04.2021;325,8;482,3;1048,9;377,3
26.04.2021;326,8;481,8;1052,6;376,5
27.04.2021;328,4;481,7;1050,9;384,6
28.04.2021;329,6;481;1046,8;379,7
29.04.2021;329,6;483,4;1043,7;378
30.04.2021;329,1;482,9;1049,6;382,6
03.05.2021;329,4;482,7;1041,3;378
04.05.2021;328;481,2;1017,5;368,5
05.05.2021;327,4;482,6;1032;364,3
06.05.2021;326;484,4;1019,9;357
07.05.2021;326,8;484,7;1032,2;358,9
10.05.2021;326,1;479;1008,2;352,5
11.05.2021;328,5;474,8;995,2;349,6
12.05.2021;325,7;467,9;982,4;353,6
13.05.2021;325,7;473,7;987,8;353,6
14.05.2021;322,8;478,5;1000;351,3
17.05.2021;320,1;476,8;992,1;356,3
18.05.2021;323,3;469,9;994,5;357
19.05.2021;323,5;468,7;976,5;351
20.05.2021;323,1;473,7;1003,2;356,6
21.05.2021;322,2;474,4;1003,9;362,7
24.05.2021;322,2;477,9;1003,9;361,8
25.05.2021;324,9;475,9;1012,7;354,6
26.05.2021;326;477,9;1019,9;352,6
27.05.2021;327,7;479,1;1021,4;353,1
28.05.2021;328,4;480,3;1024;360,9
31.05.2021;329,8;478,5;1016,4;359,6
01.06.2021;330;477,5;1014,3;355,3
02.06.2021;330,4;479,8;1019,9;355,4
03.06.2021;330,4;480,8;1016,2;352,2
04.06.2021;332,1;484;1027,5;357,3
07.06.2021;331,3;482,7;1023,6;359,3
08.06.2021;332;482,8;1028,1;374,4
09.06.2021;332,2;482;1032,5;381,8
10.06.2021;331,8;484,8;1039,8;385,4
11.06.2021;330,9;488,2;1049,8;387,9
14.06.2021;332,8;488,6;1052,2;387,8
15.06.2021;333,7;487,6;1053;383,7
16.06.2021;334,1;485,2;1053,9;381,4
17.06.2021;332,9;492,2;1082,3;382,2
18.06.2021;333,7;489,3;1076,5;384,5
21.06.2021;334,3;493,9;1076,9;386,5
22.06.2021;330,5;496,9;1086,2;385,8
23.06.2021;331,8;494,3;1086,7;384,2
24.06.2021;331,9;498,1;1097,5;388,6
25.06.2021;333,1;498,8;1093,8;387,5
28.06.2021;334,2;501;1103,3;389,8
29.06.2021;335,7;502;1108,8;388,6
30.06.2021;335;504,7;1116,6;386,9
01.07.2021;335,5;506,9;1112,9;389,3
02.07.2021;334,7;511,8;1124,6;394,7
05.07.2021;336,2;511;1127,2;394,1
06.07.2021;336,4;511,4;1134,1;390,3
07.07.2021;337,8;514,4;1138;389,7
08.07.2021;337,3;507,7;1123,7;384,1
09.07.2021;335,2;513;1135,4;385,6
12.07.2021;332,4;514,6;1137,8;388,2
13.07.2021;334,7;514,7;1154,5;385,2
14.07.2021;338;515,6;1148,2;382,1
15.07.2021;338,3;513,9;1141,4;376,2
16.07.2021;337,2;510,5;1134,9;377,2
19.07.2021;336,1;502,5;1123,3;375,6
20.07.2021;332,6;512;1134,5;382,6
21.07.2021;328,9;515,1;1139,9;379,8
22.07.2021;331;516;1151,2;384,2
23.07.2021;334,9;522,6;1165,5;384,4
26.07.2021;336,8;521,8;1164,6;380,3
27.07.2021;336,5;518,6;1140,8;370,4
28.07.2021;334,6;519,6;1157,7;380,4
29.07.2021;333,1;518,1;1152,7;383,9
30.07.2021;335,1;516,5;1145,6;380,4
02.08.2021;337,2;514,5;1151,9;376,5
03.08.2021;336,9;519,7;1144,7;374,1
04.08.2021;337,4;517,9;1156;383,5
05.08.2021;338,2;521,3;1164,6;384,7
06.08.2021;339;525,7;1166,6;387
09.08.2021;340,4;526;1170,5;387,8
10.08.2021;340,1;527,6;1167,9;386,1
11.08.2021;341,2;528;1162,9;382,6
12.08.2021;342,1;530,1;1167,9;380,4
13.08.2021;342,6;528,1;1165,7;379,7
16.08.2021;341,6;529,7;1157,5;376,8
17.08.2021;340,7;529,2;1165;379,1
18.08.2021;340,2;523,8;1164;382,8
19.08.2021;339,1;525,8;1161,6;380,3
20.08.2021;338,5;530,3;1173,3;377,8
23.08.2021;334,9;532;1185,2;389,8
24.08.2021;335,7;531,9;1188,6;391
25.08.2021;339,1;533,5;1189,3;392
26.08.2021;341,1;530,3;1184,5;397,4
27.08.2021;341,7;533,5;1188,6;394,1
30.08.2021;340,3;535,3;1201,4;398,5
31.08.2021;342,2;534,3;1201,4;400
01.09.2021;343,2;532,3;1204,2;397,8
02.09.2021;343,4;533,3;1200,6;401,6
03.09.2021;344,3;532,5;1199,1;401
06.09.2021;345,7;533,4;1204;401,7
07.09.2021;346,8;532,3;1202,9;402,3
08.09.2021;347,3;533,1;1199,1;399,6
09.09.2021;346,9;530,4;1201,9;397,9
10.09.2021;344,8;525,6;1196,5;391,5
13.09.2021;344,9;527,9;1185;392
14.09.2021;344,9;524,4;1188,9;393,6
15.09.2021;345,1;529;1182,4;392,1
16.09.2021;343,8;530,7;1190;392,9
17.09.2021;343,3;527;1188,5;396,8
20.09.2021;343,9;518,6;1163,9;399,4
21.09.2021;341,7;518,2;1173,4;397,9
22.09.2021;338,7;522,7;1176,2;396
23.09.2021;339,3;528,4;1186,2;401,8
24.09.2021;341,5;530,8;1183,1;398,2
27.09.2021;343,8;529,9;1180,8;395,1
28.09.2021;342,3;520,3;1154,2;393,7
29.09.2021;340,9;523,8;1158,5;393,9
30.09.2021;337,4;518,7;1160,8;394,5
01.10.2021;337,9;524,4;1152,8;385,3
04.10.2021;336,6;516,4;1129,5;388,7
05.10.2021;336,5;523,2;1152,9;388,7
06.10.2021;333,4;527,7;1152,4;384,1
07.10.2021;334,8;531,3;1179,2;386,3
08.10.2021;334,7;529,7;1167,5;383,6
11.10.2021;337,9;526,1;1170,1;381,9
12.10.2021;338,1;525,9;1157,4;383,1
13.10.2021;337,6;526,3;1154,4;382,6
14.10.2021;337,6;534,7;1178,2;386,2
15.10.2021;339,7;537,9;1185,9;386,8
18.10.2021;343,2;539,9;1192,6;380,3
19.10.2021;344,9;541,9;1203;378,9
20.10.2021;344,8;543,8;1204,1;378,9
21.10.2021;346,3;545,5;1204,6;379,8
22.10.2021;346,9;544,9;1199,4;378,9
25.10.2021;347,8;549;1209,1;382,6
26.10.2021;347,8;550,9;1226,6;385
27.10.2021;349,1;548,1;1228,3;383,5
28.10.2021;350,3;549,7;1226,4;378
29.10.2021;347,1;555,7;1240;386,9
01.11.2021;347,1;555,9;1245,6;386,3
02.11.2021;348,4;558,4;1253,6;390,6
03.11.2021;349,6;561,8;1256,5;399,6
04.11.2021;349,9;566,1;1285,4;401,9
05.11.2021;352;567,8;1292,4;399,8
08.11.2021;353,6;566,6;1285,7;398,9
09.11.2021;353,3;564,9;1277;390,9
10.11.2021;353,7;563,5;1275,7;392
11.11.2021;353,9;566,2;1277,4;386,9
12.11.2021;353,3;571,6;1287,6;384,7
15.11.2021;354,8;572,8;1290,2;384,9
16.11.2021;356,4;578,6;1309,5;384,3
17.11.2021;357,6;579,4;1316,8;387,1
18.11.2021;358,4;579,3;1316,8;387,6
19.11.2021;356,8;580,1;1335,9;385,5
22.11.2021;355,9;581,9;1344,1;383,4
23.11.2021;355,5;582;1309,5;376,3
24.11.2021;353,8;586,8;1325,5;377,1
25.11.2021;351,7;586,1;1331,5;376,6
26.11.2021;351,5;567,5;1294,1;380,4
29.11.2021;350,2;577,4;1318,8;381,2
30.11.2021;342,4;567,1;1303,6;373,3
01.12.2021;343,5;556,6;1317,1;370,1
02.12.2021;340,7;565,4;1278,8;365,7
03.12.2021;341,6;562,5;1265,5;360,1
06.12.2021;341,8;569,5;1270,1;350,3
07.12.2021;339,3;582,5;1319,4;362,7
08.12.2021;339,3;579,9;1309,9;363,9
09.12.2021;343,5;578,2;1317,1;370,4
10.12.2021;348;582,8;1301,9;360,6
13.12.2021;346;578,9;1303;360,7
14.12.2021;345,1;574,8;1275,5;357,8
15.12.2021;343,4;585,3;1276,6;355,5
16.12.2021;340,4;577,4;1289,5;369,2
17.12.2021;342,2;573,1;1279,3;362,4
20.12.2021;341,8;565,8;1250,8;371,1
21.12.2021;339,3;577,3;1272,6;374,5
22.12.2021;336,1;580,1;1296,6;373
23.12.2021;340,2;584,5;1313,5;378,5
24.12.2021;340,2;583,4;1313,5;377,8
27.12.2021;343,6;583,4;1327,3;376,4
28.12.2021;344,9;592,6;1328,4;381,7
29.12.2021;347,3;590,6;1320,2;371,7
30.12.2021;346,7;589,9;1328,4;378,5
31.12.2021;346,7;586,2;1328,4;379
03.01.2022;347,4;586,2;1322,8;370,8
04.01.2022;348,7;592,9;1309;372,1
05.01.2022;349,8;580;1298,1;362,5
06.01.2022;349,8;581,6;1272,8;345,1
07.01.2022;348,2;576,6;1254;349,3
10.01.2022;343,6;577,2;1230,3;335,6
11.01.2022;342,4;581,5;1262,5;341
12.01.2022;339,6;579;1267,2;338,5
13.01.2022;341,8;568,8;1255,8;329,6
14.01.2022;342,9;570,6;1237,6;321,4
17.01.2022;340,1;572,2;1244,7;322,2
18.01.2022;338,1;564,6;1228,3;322,2
19.01.2022;339,4;559,1;1213,2;320,2
20.01.2022;335,3;552,8;1228,7;316,8
21.01.2022;335;542,4;1190,5;307,7
24.01.2022;334,7;545,7;1126,5;297,9
25.01.2022;328,7;540,7;1135,6;302,9
26.01.2022;323,3;539,5;1167,1;311
27.01.2022;322,7;543;1170,2;310,4
28.01.2022;324,5;555,5;1161,3;293,9
31.01.2022;321,9;563,7;1196,8;313,5
01.02.2022;323,8;565,6;1208;319,4
02.02.2022;328,2;568,6;1207,4;319,1
03.02.2022;331;548,8;1172,8;311,5
04.02.2022;330;550,5;1161,3;307,6
07.02.2022;325,6;548,3;1166,5;318,9
08.02.2022;325,4;554,2;1171,9;311,3
09.02.2022;325,6;561,9;1191,6;323,7
10.02.2022;327,5;549,9;1179,9;323,8
11.02.2022;332,6;542,5;1162,8;321,2
14.02.2022;331,5;544,9;1157;319,1
15.02.2022;329;551,2;1165,6;322,1
16.02.2022;324,8;551,4;1157,2;318,4
17.02.2022;328,8;539,6;1153,3;315,8
18.02.2022;329,1;537;1127,8;312,6
21.02.2022;325,8;537,3;1105,3;312,7
22.02.2022;323;531,9;1116,3;305,1
23.02.2022;319,5;522,6;1108,5;302,3
24.02.2022;317,5;540,5;1102,7;295,9
25.02.2022;316,2;546,2;1144,7;302,9
28.02.2022;310,6;545,5;1158,1;305,7
01.03.2022;317,6;541,5;1154,4;313,5
02.03.2022;318,7;555,3;1163,9;311,3
03.03.2022;314,2;552,6;1162,6;310,2
04.03.2022;315,9;555,5;1148,3;308,6
07.03.2022;313,2;541,3;1139,3;306
08.03.2022;305,3;537,3;1101;299,9
09.03.2022;298;542,7;1122,8;308,2
10.03.2022;295,2;541,8;1110,1;308,3
11.03.2022;304,6;537,3;1119,8;312,8
14.03.2022;303,9;532,7;1090;304
15.03.2022;302,1;544,5;1112,2;296,2
16.03.2022;301,4;555,7;1141,6;305,3
17.03.2022;302,5;556,7;1145,8;310,9
18.03.2022;309,4;566,3;1177,1;322,3
21.03.2022;312,9;566;1180,8;319,1
22.03.2022;316,2;573,8;1208,9;321
23.03.2022;316,3;567,8;1210;321,8
24.03.2022;319,7;575,7;1209,3;318,8
25.03.2022;317,1;579,8;1214,9;319,2
28.03.2022;316,5;584,8;1225,9;320,6
29.03.2022;315,4;584,9;1242,1;321,6
30.03.2022;315,1;578;1236,7;322,5
31.03.2022;318,8;570,9;1234,8;320,2
01.04.2022;317,8;577,5;1221;326,5
04.04.2022;315,4;584,3;1250,3;332,7
05.04.2022;317,2;580,1;1244,9;341,3
06.04.2022;320,3;575,5;1208,7;330,6
07.04.2022;317,4;578,4;1205,2;336,5
08.04.2022;312,5;578,9;1206,9;331,9
11.04.2022;312;567,9;1178,8;326
12.04.2022;312,2;567,2;1189,9;327,2
13.04.2022;310,1;575;1188,1;325
14.04.2022;309,6;571,7;1186,4;330,7
15.04.2022;309,6;571,7;1186,4;330,7
18.04.2022;309,6;570,7;1186,4;330,2
19.04.2022;312,3;580,2;1196,4;318,4
20.04.2022;310,8;575,7;1180,4;315,7
21.04.2022;310,9;568,3;1180,2;318,9
22.04.2022;312,7;556,1;1149;309,3
25.04.2022;312,4;562,8;1136,1;305,3
26.04.2022;307,4;549,9;1122;309,5
27.04.2022;306,1;558;1136,9;305,7
28.04.2022;302,9;571,9;1141,1;298,9
29.04.2022;302,6;549,5;1142,8;304,8
02.05.2022;306,7;553,9;1116,9;297,7
03.05.2022;305;555,8;1132,9;302
04.05.2022;305;571,9;1113,8;292,2
05.05.2022;304,4;552,5;1122,1;303,6
06.05.2022;305,8;546,7;1101,3;281,8
09.05.2022;299;531,9;1063,3;283,3
10.05.2022;296,1;532,5;1057,5;275,5
11.05.2022;288,7;523,6;1062,5;273,6
12.05.2022;287,9;529,8;1049,3;270,9
13.05.2022;288,8;543,4;1081;284,8
16.05.2022;288,9;540,8;1070;290,1
17.05.2022;294,4;544,8;1080,2;291,6
18.05.2022;293,1;524;1054,5;292,2
19.05.2022;297,4;517,2;1033,1;283,9
20.05.2022;291,9;518,8;1017,7;294,7
23.05.2022;291,6;523;1023,2;292,7
24.05.2022;292,1;516;988,6;284,5
25.05.2022;293,4;523,2;1010,2;286,5
26.05.2022;293,4;531,7;1036,7;285,5
27.05.2022;290;545,3;1071,5;285,4
30.05.2022;295,3;541,8;1084;283,6
31.05.2022;300,1;541,8;1071,3;288,4
01.06.2022;303,2;540;1074,3;287,9
02.06.2022;302,7;547,5;1076,1;278,7
03.06.2022;300,2;538,3;1068,3;295,1
06.06.2022;300,2;540,1;1079,9;295,2
07.06.2022;302,2;546;1073,5;294,8
08.06.2022;302,2;538,8;1084;303,8
09.06.2022;302,7;530;1076,5;301,8
10.06.2022;302,4;520,5;1026,6;291,6
13.06.2022;299,4;505,5;997,4;280,6
14.06.2022;293,2;504,3;992,1;281,3
15.06.2022;285,5;511,6;1009,3;285,4
16.06.2022;285,5;491;969,1;277,1
17.06.2022;281,8;493,9;980,3;290,6
20.06.2022;278,7;490,2;985,5;288,4
21.06.2022;278,1;500,9;1003,4;299
22.06.2022;278,5;498,7;1004,6;298,8
23.06.2022;279,7;506,8;1010,7;300,7
24.06.2022;279,1;521,5;1033,7;316,1
27.06.2022;280,6;517,3;1039,3;314,9
28.06.2022;284,9;510,9;1025,8;318,8
29.06.2022;287,5;512,3;1018,7;313,5
30.06.2022;285,9;509,1;1004,6;309,9
01.07.2022;283,1;517,6;1007,2;318,1
04.07.2022;281,3;515,9;1009,6;317,2
05.07.2022;281,7;526;1022,3;327,1
06.07.2022;283,4;530,4;1054,2;341,6
07.07.2022;283,4;539,6;1079,2;345
08.07.2022;285,1;539;1090,4;344,8
11.07.2022;289,3;537,6;1077,9;344,1
12.07.2022;291,1;534,4;1077,5;335,6
13.07.2022;288,2;528,9;1060,5;343,7
14.07.2022;285,6;533,3;1057,4;342,9
15.07.2022;286,1;539,1;1080,1;340,4
18.07.2022;282,8;528,5;1088,5;344,2
19.07.2022;283,9;540,3;1084;338,8
20.07.2022;285,9;545,4;1114,4;347,2
21.07.2022;290,9;551,9;1119,1;345,8
22.07.2022;293,3;544,7;1110,1;343,4
25.07.2022;294,8;546,1;1102,9;334,2
26.07.2022;294;544,3;1092,8;337,4
27.07.2022;294,9;559,2;1117;338,8
28.07.2022;293,1;564,1;1134,2;337,1
29.07.2022;296,4;569,9;1145,4;337,4
01.08.2022;298,6;564;1156,8;334,9
02.08.2022;300,5;564,3;1156,9;334,7
03.08.2022;301,4;577;1185,1;351,8
04.08.2022;299,5;572;1179,9;359,8
05.08.2022;301,2;573,7;1176,9;364,8
08.08.2022;302,8;570,1;1185,7;381,8
09.08.2022;301,9;567,4;1162,4;376,7
10.08.2022;302,5;572,1;1176,9;370,3
11.08.2022;298,8;572,3;1184,7;378,8
12.08.2022;302,5;588;1198,5;376,8
15.08.2022;302,5;593,3;1217,2;378,6
16.08.2022;306,1;595,3;1221,9;378,5
17.08.2022;308,1;592;1205,4;373,8
18.08.2022;308,6;595,4;1220,7;365,6
19.08.2022;306,4;592,9;1203,6;367,4
22.08.2022;307,8;584,6;1190,7;371,7
23.08.2022;305,7;582,1;1181;364,4
24.08.2022;301,3;583,5;1186,4;374,1
25.08.2022;300,1;592,3;1193,3;375,5
26.08.2022;300,2;570,4;1170,8;370,7
29.08.2022;304;568,5;1140,5;360,1
30.08.2022;298,9;562;1124,9;359,5
31.08.2022;297,5;553,9;1120,6;358,6
01.09.2022;296;562,4;1109,9;358,3
02.09.2022;295,6;551,3;1131;364,4
05.09.2022;290,5;557,2;1117;368,4
06.09.2022;293,1;555,8;1114,8;360,3
07.09.2022;291,4;563,5;1113,5;356,3
08.09.2022;289,8;566,9;1134,2;371,7
09.09.2022;291,3;570,6;1143,1;375,6
12.09.2022;291,9;571,6;1147,6;371,1
13.09.2022;294;553,2;1114,8;367,5
14.09.2022;298;556,2;1107,5;365
15.09.2022;292,6;550,1;1094,1;369,5
16.09.2022;290,8;544,2;1071,7;360,2
19.09.2022;288,2;544,2;1078,8;355,9
20.09.2022;285,4;543,7;1087,8;356,4
21.09.2022;285,9;540,7;1100,3;362,7
22.09.2022;285,1;539,6;1068,2;351,2
23.09.2022;284,5;536,3;1063,9;351,7
26.09.2022;281,7;533,9;1076;354,5
27.09.2022;277,4;534,3;1075,8;356,4
28.09.2022;275,3;544,3;1077,3;365,3
29.09.2022;274,8;525,5;1043,3;358,1
30.09.2022;273,9;516;1049,9;361
03.10.2022;270,1;528,2;1036;360
04.10.2022;270,1;536,8;1061,8;365,3
05.10.2022;272,4;541,2;1054,7;365,5
06.10.2022;280,5;536,5;1076;370,2
07.10.2022;280,8;524,5;1041,8;363,8
10.10.2022;280,7;525;1029,1;357,8
11.10.2022;276,8;521,3;1022,4;352,1
12.10.2022;274,8;520;1018,3;354,1
13.10.2022;272,5;532,7;1019,4;351,7
14.10.2022;269,4;518,1;1016,6;363,2
17.10.2022;272,7;528,4;1028;359,4
18.10.2022;271,3;532,6;1029,3;365,6
19.10.2022;275,2;532,3;1038,1;354,9
20.10.2022;278,4;525,3;1045,6;347,8
21.10.2022;275;540,3;1035,1;351,4
24.10.2022;274,7;541,9;1047,8;351,9
25.10.2022;274,5;546,6;1066,3;356,9
26.10.2022;274,5;537,7;1054,9;358,8
27.10.2022;275,3;537,2;1033,4;354
28.10.2022;280,4;553,1;1048;358,7
31.10.2022;280,3;552,7;1055,3;366,1
01.11.2022;280,3;551;1046,9;366,5
02.11.2022;282,4;537,3;1034;367,8
03.11.2022;283,3;537,8;1008,8;372,1
04.11.2022;282,5;537,7;988;364,6
07.11.2022;279,5;537,2;997,4;358
08.11.2022;281,9;536,6;1013,8;360
09.11.2022;283,3;527,5;995;359,7
10.11.2022;285,7;548,4;1028,2;362,9
11.11.2022;281,8;545,7;1030,8;355,9
14.11.2022;288,7;540,6;1040;358,9
15.11.2022;293;543,6;1056,8;364
16.11.2022;291,8;537,1;1031,6;357,7
17.11.2022;293,2;539,5;1028,8;353,3
18.11.2022;290,5;540,4;1030,8;358
21.11.2022;289,1;544,7;1032,5;361
22.11.2022;291,6;549,7;1032,7;354,1
23.11.2022;290,5;548,2;1043,7;359,1
24.11.2022;291;546,4;1045,2;357,9
25.11.2022;293;546,4;1034,9;355,3
28.11.2022;294;538,4;1028;360,3
29.11.2022;293,9;539,7;1014,4;357
30.11.2022;291,8;559,8;1023,3;367,4
01.12.2022;293;549,2;1047,2;369,1
02.12.2022;295,8;549,3;1037,5;368,2
05.12.2022;297,8;536,7;1030,6;365,9
06.12.2022;296,6;530,2;1010,8;359,2
07.12.2022;294,5;529,2;999,8;355,8
08.12.2022;294,5;531,1;1006,5;357,6
09.12.2022;290,4;527,4;1013,6;355,7
12.12.2022;291;535,9;1003,7;355,3
13.12.2022;291,6;533,9;1031;364,2
14.12.2022;291,3;530,3;1022,4;363
15.12.2022;293,5;517;978,4;359
16.12.2022;293;512,9;969,4;355,5
19.12.2022;288,4;510,1;957,4;350,7
20.12.2022;286,7;507,7;949,6;346,9
21.12.2022;285,5;516,5;969,6;351,1
22.12.2022;284;509,8;942,4;353,5
23.12.2022;288;512,1;942,3;351,8
26.12.2022;288;512,1;942,3;351,8
27.12.2022;286,1;512,1;933,7;346,1
28.12.2022;286;503,7;923,6;344,3
29.12.2022;286,5;510,2;936,3;345,7
30.12.2022;284,3;508,7;928,6;344,8
02.01.2023;287,1;508,7;956,8;344,8
03.01.2023;285,4;512,3;937;352,3
04.01.2023;287,4;513,8;946,2;349,2
05.01.2023;287,1;511,9;937,4;349,1
06.01.2023;287,1;519,5;942,1;345,7
09.01.2023;290,3;512,5;961;337,5
10.01.2023;291,4;516,7;946,7;339,4
11.01.2023;293,9;522,1;960,6;339
12.01.2023;294,1;521,4;962,5;337,3
13.01.2023;295,9;522,4;965,8;348,1
16.01.2023;297,4;522,5;973,1;348,2
17.01.2023;298,9;522,6;977,4;348,8
18.01.2023;300,2;513,1;970,9;351,9
19.01.2023;300,7;511,2;954;343,5
20.01.2023;300,5;518,9;968,3;344,3
23.01.2023;297;523,4;997,6;346,2
24.01.2023;299,7;522,5;997,2;347,9
25.01.2023;302,1;521,1;980,8;346,2
26.01.2023;301,4;529,2;1002,3;351
27.01.2023;301,7;531,2;1020,8;353,3
30.01.2023;304,4;522,9;1010,7;348,9
31.01.2023;304,6;531,1;1013,1;348,2
01.02.2023;302,7;533,6;1012,4;348,8
02.02.2023;302,9;540,6;1070,6;347,6
03.02.2023;305,2;539,1;1082,3;350,6
06.02.2023;309,6;542,1;1069,4;353,6
07.02.2023;309,4;551,1;1072,4;350,2
08.02.2023;307,7;543,3;1066,8;351
09.02.2023;307,8;536,7;1067,2;347,5
10.02.2023;306,8;542,3;1052,6;345,3
13.02.2023;307,4;546,3;1065;344,1
14.02.2023;304,5;546,3;1059,3;347,6
15.02.2023;306,3;550,1;1079,2;343,2
16.02.2023;306,5;542,7;1080,8;345,4
17.02.2023;307,4;541,7;1051,7;344,3
20.02.2023;306,9;540,5;1057,8;343,5
21.02.2023;305,6;529,9;1041,4;343,4
22.02.2023;305;531,8;1040,5;341,4
23.02.2023;302;536,2;1041,8;343,6
24.02.2023;301,2;533,4;1035,8;340,5
27.02.2023;302,5;532;1042,5;342
28.02.2023;299,3;530,3;1041,2;341,5
01.03.2023;300,3;524,5;1024,9;344,1
02.03.2023;299,3;531,6;1025,9;342,5
03.03.2023;300;540,9;1051,9;344
06.03.2023;301,4;537,1;1066,8;339,8
07.03.2023;303,8;533,6;1057,7;341,3
08.03.2023;304,6;536;1054,9;338,6
09.03.2023;302,9;525,4;1062,7;336,6
10.03.2023;302,3;512;1038;321,3
13.03.2023;298,1;509;1022,9;326,6
14.03.2023;292,4;518,1;1041,9;329,8
15.03.2023;288,5;523,7;1051,1;330,1
16.03.2023;292,8;528,6;1077,5;328,7
17.03.2023;288,4;521,6;1075,3;323,7
20.03.2023;290,9;522,5;1066,4;324,1
21.03.2023;288,1;526,9;1075,4;323,3
22.03.2023;288,5;517,3;1082,6;319,6
23.03.2023;291,8;514,1;1080,9;317,2
24.03.2023;289,8;523,2;1077,9;316,2
27.03.2023;292,2;523,1;1081,2;322,3
28.03.2023;290,3;519,8;1062,3;322
29.03.2023;291,1;527,3;1080,1;323,3
30.03.2023;291;526,4;1088,7;323,4
31.03.2023;293;536,4;1102,4;324,8
03.04.2023;296;537,2;1099,2;327,1
04.04.2023;298,3;530,1;1097,7;322,1
05.04.2023;297,1;531,7;1085,9;325,7
06.04.2023;296,5;533,1;1088;324,2
07.04.2023;296,5;533,1;1088;324,2
10.04.2023;296,5;537,7;1088;326,7
11.04.2023;294,8;534,1;1088;327,8
12.04.2023;295,5;528,8;1077,9;325,6
13.04.2023;296,5;532,4;1079,6;325,3
14.04.2023;295,7;533,3;1087;330,4
17.04.2023;297,8;539,5;1091,7;336,4
18.04.2023;299,2;537,7;1094,5;341,9
19.04.2023;299,7;537,8;1091,4;342,2
20.04.2023;299,8;533,7;1087,4;342,2
21.04.2023;298,9;534,4;1085;343,8
24.04.2023;297,6;532,2;1073,6;345,9
25.04.2023;297,1;526,2;1072,6;347,1
26.04.2023;297,3;521,1;1069,4;335,9
27.04.2023;294;532,9;1085,7;335,2
28.04.2023;293,3;535,9;1091,7;336,8
01.05.2023;293,3;538,6;1091,7;338,7
02.05.2023;295,9;532,4;1089,1;348,6
03.05.2023;298,1;525,2;1087;345,1
04.05.2023;295,4;523,9;1084,1;344,2
05.05.2023;295,9;533,3;1097,9;350
08.05.2023;295,3;533,2;1100,3;350,5
09.05.2023;298,4;533,6;1106,3;352,4
10.05.2023;299,5;535,2;1112;354
11.05.2023;298,5;537;1123,4;355,1
12.05.2023;298,7;539;1123,6;354,3
15.05.2023;299,4;540,5;1127,7;359,8
16.05.2023;299,2;537;1135,7;349,6
17.05.2023;300,5;545,8;1141,2;348,3
18.05.2023;300,5;553,6;1171,5;349,9
19.05.2023;299,8;551,9;1169,1;355,6
22.05.2023;302,1;551,4;1175,8;359,2
23.05.2023;302,7;546,3;1174,9;362,9
24.05.2023;303,8;543,1;1156,1;355,5
25.05.2023;301,4;549,6;1189,3;350,7
26.05.2023;298,2;558;1217,6;349,5
29.05.2023;298,2;557,8;1227,5;349,4
30.05.2023;298,4;556,9;1232;349,5
31.05.2023;300,2;557;1223;349,1
01.06.2023;300;558,9;1225,8;346,7
02.06.2023;297,7;567,3;1243,6;350,9
05.06.2023;299,8;566,9;1253,3;357,2
06.06.2023;304,9;569,4;1247,3;359,7
07.06.2023;305,1;566,3;1239,3;362
08.06.2023;305,1;566,5;1230,7;360,8
09.06.2023;305;567,9;1240;363,2
12.06.2023;305,5;573,7;1248,7;367,1
13.06.2023;306,2;574,8;1265,5;366,4
14.06.2023;307,5;572,6;1267,6;367,4
15.06.2023;308,8;576,6;1267,8;360,5
16.06.2023;308,3;573,7;1272,8;362,9
19.06.2023;309,1;573,8;1263,5;363
20.06.2023;309,2;572,3;1261,4;357,5
21.06.2023;307,8;566,5;1245,8;354
22.06.2023;305,2;568,4;1251,8;356
23.06.2023;303,4;568,1;1251,8;358,5
26.06.2023;303,6;564,2;1248,1;346,9
27.06.2023;301,2;568,5;1240;340
28.06.2023;299,8;570,9;1260,5;343,6
29.06.2023;302,2;574,1;1259,9;344,6
30.06.2023;303,7;580;1273,6;344,1
03.07.2023;304;580,9;1274,1;342,7
04.07.2023;306,7;581,1;1279;342,8
05.07.2023;307,3;581,5;1281,6;345
06.07.2023;307,9;577,3;1266,1;341,3
07.07.2023;305,6;571,4;1264,6;340,2
10.07.2023;300,9;571,3;1254,8;340,2
11.07.2023;301;574,5;1254,6;340,5
12.07.2023;301,9;571,9;1261,8;338,8
13.07.2023;303;573;1266,8;339,1
14.07.2023;305,1;570;1279,6;335,3
17.07.2023;306,6;572,7;1276,9;346,6
18.07.2023;306,2;576,6;1279,8;343,4
19.07.2023;306,1;580,3;1301,9;345,4
20.07.2023;308;578,7;1287,6;344,8
21.07.2023;309,4;580,6;1278,4;345,6
24.07.2023;308,7;584,7;1277,1;343,2
25.07.2023;309,3;588,3;1291,4;340,5
26.07.2023;310;587,1;1279,8;338,1
27.07.2023;311,7;587,3;1311,6;339,1
28.07.2023;312,4;590,7;1310,5;336,8
31.07.2023;312,4;592,1;1310,5;342,7
01.08.2023;314;593;1314,6;342,7
02.08.2023;315,3;587,7;1291,9;340,7
03.08.2023;314;585,9;1286,9;341,2
04.08.2023;310;578;1284,1;337,2
07.08.2023;308,3;584,3;1273,8;331,7
08.08.2023;308,5;584,8;1270,6;334,6
09.08.2023;309,6;578,8;1262;334,4
10.08.2023;307,6;577,2;1269,5;336,7
11.08.2023;307,2;579;1253,9;337,9
14.08.2023;307,9;586;1272,6;334,8
15.08.2023;307,9;577,4;1269,1;333,7
16.08.2023;306,1;574,8;1264,4;337,4
17.08.2023;304,3;571,4;1249,4;332,9
18.08.2023;302,9;572,2;1234,6;331,7
21.08.2023;300,2;575,4;1245,6;333,6
22.08.2023;298,9;575,7;1266,3;338,5
23.08.2023;299,6;582,3;1279,4;342,1
24.08.2023;301,1;574,9;1266,6;340,4
25.08.2023;302,5;582,5;1262;339,7
28.08.2023;301,8;584,3;1272,4;345
29.08.2023;301,7;591,5;1296,6;343,4
30.08.2023;303,7;588,4;1296,4;342,7
31.08.2023;305,8;591,6;1314,8;345,2
01.09.2023;306,9;595,2;1316,3;348,2
04.09.2023;307,6;596,4;1318;348,9
05.09.2023;308,9;598,2;1327,2;353,6
06.09.2023;310,1;594,1;1316,1;348,9
07.09.2023;308,1;592,4;1306,9;347,4
08.09.2023;306,7;592,7;1314,6;348,8
11.09.2023;304,5;595;1313,3;347,3
12.09.2023;304,2;593,4;1313,3;351,2
13.09.2023;305,6;592,7;1315;351,5
14.09.2023;304,5;601,9;1329,7;349,1
15.09.2023;304,9;594,6;1309,6;348,8
18.09.2023;307,3;594,5;1309;344,5
19.09.2023;306,1;592,4;1297,8;345,5
20.09.2023;303,9;585,3;1298,5;343,9
21.09.2023;302,8;578,9;1273,9;336,3
22.09.2023;302,6;577,7;1278,1;336,4
25.09.2023;299;584,4;1277,7;334,1
26.09.2023;299,9;575,5;1267;336,4
27.09.2023;298,8;579,6;1270,6;340,8
28.09.2023;297;580,2;1276,6;337,1
29.09.2023;296,4;577,3;1283,9;337,1
02.10.2023;297,2;582,4;1298,3;334,3
03.10.2023;299;575,6;1280,1;327,6
04.10.2023;297,5;579,3;1282,7;323,4
05.10.2023;293,3;576,5;1274,9;326,1
06.10.2023;292,3;582,9;1286,9;329,5
09.10.2023;292,6;586,2;1297,2;330,7
10.10.2023;294,9;586,4;1318,2;327,7
11.10.2023;294,5;587,5;1312,8;331,7
12.10.2023;297,3;587,6;1330,6;328,2
13.10.2023;298,8;587,6;1314,8;323,9
16.10.2023;298,4;591,2;1321,4;323,2
17.10.2023;294,9;589,6;1314,1;327,8
18.10.2023;295,4;583,8;1309,8;324
19.10.2023;296;577,3;1296,1;316,9
20.10.2023;291,9;568,9;1263,2;314,9
23.10.2023;288,6;565,8;1263,6;308,3
24.10.2023;286;571,5;1274,3;309,6
25.10.2023;285,2;564;1259,5;306,2
26.10.2023;285,2;559,6;1236,6;308,3
27.10.2023;285,8;555,1;1237,2;303
30.10.2023;282,5;559,6;1235,6;300,3
31.10.2023;281,5;565,9;1243,5;299,3
01.11.2023;281,5;573,6;1264,5;300,2
02.11.2023;283,4;580;1286,1;312,3
03.11.2023;286;579,2;1292,5;317,5
06.11.2023;290,2;579,6;1293,6;316,5
07.11.2023;293,7;584,5;1315,8;316,2
08.11.2023;294,7;584;1310,3;317,3
09.11.2023;294,3;578,8;1315,6;310,2
10.11.2023;294,4;590,4;1322,7;300,8
13.11.2023;294,8;588,8;1330,6;297,7
14.11.2023;294,8;592;1336;309,7
15.11.2023;294,5;591,5;1342,8;310,6
16.11.2023;299,7;591,6;1332,7;304,3
17.11.2023;301,2;591,8;1334,2;305,4
20.11.2023;300;593,4;1340,2;311,5
21.11.2023;301;592,5;1335,9;306,5
22.11.2023;302,5;598,7;1353,1;309,7
23.11.2023;302,3;596,3;1349,9;308,5
24.11.2023;302,7;595;1342;309,9
27.11.2023;302,4;594,2;1344,9;308,3
28.11.2023;302,7;592,2;1339,4;306,1
29.11.2023;302;592;1341,9;313,2
30.11.2023;301,8;597,9;1336;326,2
01.12.2023;303,4;605,6;1346,2;328,6
04.12.2023;305;603,5;1336,8;337,4
05.12.2023;307,5;603,7;1351,1;338,7
06.12.2023;306,9;602,2;1351,1;344,3
07.12.2023;306,9;607,4;1361,2;345,1
08.12.2023;306,9;610,8;1370,8;347,1
11.12.2023;307,8;614,6;1378,6;343,3
12.12.2023;309,6;615,3;1386,7;345
13.12.2023;310,3;622,9;1395,7;355,3
14.12.2023;310;613,3;1382,1;359,6
15.12.2023;310,7;617,7;1403,1;366,4
18.12.2023;316,7;620,5;1404,8;364,4
19.12.2023;316,3;620,2;1405;365,7
20.12.2023;315,5;611,8;1410,2;358,4
21.12.2023;317,2;617,2;1397,5;355,6
22.12.2023;315,9;617;1401,2;370,8
25.12.2023;315,9;617;1401,2;370,8
26.12.2023;315,9;618,8;1401,2;370,4
27.12.2023;316,8;615,3;1398;378,8
28.12.2023;317,3;615,5;1403,7;385,5
29.12.2023;318,8;617,1;1405,2;382,4
;;;;
1 Jahr;11,27%;20,95%;50,08%;10,62%
3 Jahre p.a.;2,29%;15,42%;15,72%;-0,34%
5 Jahre p.a.;8,92%;22,02%;36,72%;12,24%
10 Jahre p.a.;7,61%;26,43%;52,54%;11,91%
YTD;12,14%;21,31%;51,32%;10,90%
;;;;
;;;;
;;;;
;;;;
;;;;
;;;;
;;;;
;;;;
;;;;
;;;;
;;;;
;;;;
;;;;
;;;;
;;;;
;;;;
